Desi/KG,Aras,DHL eCommerce,Kolay Gelsin,PTT,Sürat,TEX,Yurtiçi,Borusan,CEVA,Horoz
0,83.93,92.99,91.99,77.54,89.71,77.54,112.77,433.53,594.46,527.63
1,83.93,92.99,91.99,77.54,89.71,77.54,112.77,433.53,594.46,527.63
2,83.93,92.99,91.99,77.54,89.71,77.54,112.77,433.53,594.46,527.63
3,95.12,103.99,101.99,96.00,99.96,93.63,120.56,433.53,594.46,527.63
4,103.68,116.99,112.99,96.00,109.30,101.46,123.15,433.53,594.46,527.63
5,111.17,129.99,121.99,100.55,114.94,107.98,142.91,433.53,594.46,527.63
6,121.12,141.99,131.99,106.83,126.28,118.30,149.82,433.53,594.46,527.63
7,128.46,149.99,140.99,113.15,134.85,125.66,169.44,433.53,594.46,527.63
8,137.05,159.99,150.99,125.73,143.29,134.21,175.96,433.53,594.46,527.63
9,144.91,169.99,159.99,138.34,151.87,142.42,186.86,433.53,594.46,527.63
10,153.48,176.99,170.99,157.26,160.43,153.47,195.12,433.53,594.46,527.63
11,161.77,184.99,180.99,165.01,171.83,162.13,207.75,433.53,594.46,527.63
12,167.73,194.99,191.99,173.31,181.55,170.33,220.80,433.53,594.46,527.63
13,175.34,204.99,201.99,181.63,188.84,178.04,227.79,433.53,594.46,527.63
14,182.10,216.99,212.99,189.94,193.44,185.17,245.62,433.53,594.46,527.63
15,188.82,226.99,223.99,198.22,200.48,192.81,258.72,433.53,594.46,527.63
16,199.40,244.99,234.99,206.52,207.26,200.82,266.13,433.53,594.46,527.63
17,209.92,259.99,245.99,214.83,218.26,209.70,280.92,433.53,594.46,527.63
18,220.51,276.99,256.99,223.13,229.26,218.60,294.85,433.53,594.46,527.63
19,231.07,291.99,267.99,231.45,240.14,227.46,300.97,433.53,594.46,527.63
20,235.60,309.99,278.99,239.76,251.15,236.21,307.46,433.53,594.46,527.63
21,247.47,334.99,289.99,248.06,262.40,244.98,324.89,433.53,594.46,527.63
22,258.31,354.99,300.99,256.36,272.64,254.82,334.91,433.53,594.46,527.63
23,269.13,379.99,311.99,264.66,282.62,264.97,347.55,433.53,594.46,527.63
24,278.75,404.99,322.99,272.95,292.72,274.36,354.51,433.53,594.46,527.63
25,288.32,429.99,333.99,281.27,302.70,283.69,378.43,433.53,594.46,527.63
26,297.56,454.99,344.99,289.58,312.42,292.73,413.73,433.53,594.46,527.63
27,306.79,479.99,355.99,297.88,322.15,301.77,433.31,433.53,594.46,527.63
28,316.06,504.99,366.99,306.18,331.87,310.84,452.92,433.53,594.46,527.63
29,325.31,529.99,377.99,314.48,341.59,319.89,468.61,433.53,594.46,527.63
30,334.54,554.99,388.99,322.78,351.32,328.88,473.40,433.53,594.46,527.63
31,345.25,587.98,398.99,666.93,420.28,394.39,486.99,433.90,600.94,527.63
32,355.95,620.97,408.99,683.01,432.43,404.79,500.58,447.89,607.56,527.63
33,366.66,653.96,418.99,699.09,444.71,415.21,514.17,461.90,614.21,527.63
34,377.36,686.95,428.99,715.18,456.87,425.61,527.76,475.89,621.02,527.63
35,388.07,719.94,438.99,731.25,469.15,436.04,541.35,489.89,627.79,527.63
36,398.78,752.93,448.99,747.34,481.30,446.43,554.95,503.88,634.78,527.63
37,409.48,785.92,458.99,763.41,493.58,456.86,568.54,517.88,641.68,527.63
38,420.19,818.91,468.99,779.50,505.86,467.29,582.13,531.88,648.71,527.63
39,430.89,851.90,478.99,795.57,518.02,477.69,595.72,545.87,655.92,527.63
40,441.60,884.89,488.99,811.66,536.06,489.37,609.31,559.87,663.18,527.63
41,452.31,917.88,498.99,827.73,548.34,499.80,622.90,573.87,669.71,527.63
42,463.01,950.87,508.99,843.82,560.76,510.26,636.49,587.87,676.52,527.63
43,473.72,983.86,518.99,859.90,573.04,520.68,650.08,601.86,683.33,527.63
44,484.42,1016.85,528.99,875.98,585.44,531.13,663.67,615.86,690.05,527.63
45,495.13,1049.84,538.99,892.06,597.86,541.59,677.27,629.85,697.04,527.63
46,505.83,1082.83,548.99,908.14,610.14,552.02,690.86,643.85,703.92,533.03
47,516.54,1115.82,558.99,924.22,622.54,562.47,704.45,657.85,711.07,544.62
48,527.25,1148.81,568.99,940.31,634.83,572.89,718.04,671.84,718.11,556.21
49,537.95,1181.80,578.99,956.38,647.24,583.35,731.63,685.84,725.32,567.79
50,548.66,1214.79,588.99,972.47,659.65,593.80,745.22,699.84,732.58,579.38
51,559.36,1247.78,598.99,988.54,671.93,604.23,758.81,713.84,774.90,590.97
52,570.07,1280.77,608.99,1004.63,684.34,614.68,772.40,727.83,782.63,602.56
53,580.77,1313.76,618.99,1020.70,696.62,625.11,785.99,741.83,790.42,614.15
54,591.48,1346.75,628.99,1036.79,709.03,635.56,799.58,755.83,798.34,625.73
55,602.19,1379.74,638.99,1052.86,721.44,646.01,813.18,769.82,805.90,637.32
56,612.89,1412.73,648.99,1068.95,733.73,656.45,826.77,783.82,809.85,648.91
57,623.60,1445.72,658.99,1085.03,746.13,666.90,840.36,797.81,812.39,660.50
58,634.30,1478.71,668.99,1101.11,758.41,677.32,853.95,811.82,814.80,672.08
59,645.01,1511.70,678.99,1117.19,770.83,687.77,867.54,825.81,816.41,683.67
60,655.72,1544.69,688.99,1133.28,783.23,698.23,881.13,839.81,816.78,695.26
61,666.42,1577.68,698.99,1149.35,795.52,708.66,894.72,853.80,817.59,706.85
62,677.13,1610.67,708.99,1165.44,807.93,719.11,908.31,867.80,818.71,718.43
63,687.83,1643.66,718.99,1181.51,820.21,729.54,921.90,881.80,819.82,730.02
64,698.54,1676.65,728.99,1197.60,832.62,739.99,935.50,895.79,822.16,741.61
65,709.24,1709.64,738.99,1213.67,845.03,750.44,949.09,909.79,822.58,753.20
66,719.95,1742.63,748.99,1229.76,857.31,760.88,962.68,923.78,835.21,764.78
67,730.66,1775.62,758.99,1245.83,869.72,771.33,976.27,937.79,847.88,776.37
68,741.36,1808.61,768.99,1261.92,882.00,781.75,989.86,951.78,860.52,787.96
69,752.07,1841.60,778.99,1277.99,894.42,792.20,1003.45,965.78,873.19,799.55
70,762.77,1874.59,788.99,1294.08,906.82,802.66,1017.04,979.77,885.82,811.14
71,773.48,1907.58,798.99,1310.16,919.10,813.09,1030.63,993.78,898.50,822.72
72,784.19,1940.57,808.99,1326.24,931.52,823.54,1044.22,1007.77,911.12,834.31
73,794.89,1973.56,818.99,1342.32,943.80,833.97,1057.81,1021.76,923.80,845.90
74,805.60,2006.55,828.99,1358.41,956.20,844.42,1071.41,1035.76,936.52,857.49
75,816.30,2039.54,838.99,1374.48,968.62,854.87,1085.00,1049.75,949.11,869.07
76,827.01,2072.53,848.99,1390.57,980.90,865.30,1098.59,1063.76,961.82,880.66
77,837.71,2105.52,858.99,1406.64,993.31,875.76,1112.18,1077.75,974.41,892.25
78,848.42,2138.51,868.99,1422.73,1005.59,886.18,1125.77,1091.75,987.13,903.84
79,859.13,2171.50,878.99,1438.80,1018.00,896.63,1139.36,1105.74,999.71,915.42
80,869.83,2204.49,888.99,1454.89,1030.41,907.09,1152.95,1119.75,1012.43,927.01
81,880.54,2237.48,898.99,1470.96,1042.69,917.52,1166.54,1133.74,1025.02,938.60
82,891.24,2270.47,908.99,1487.05,1055.11,927.97,1180.13,1147.73,1037.74,950.19
83,901.95,2303.46,918.99,1503.13,1067.39,938.40,1193.73,1161.73,1050.32,961.77
84,912.65,2336.45,928.99,1519.21,1079.79,948.85,1207.32,1175.73,1063.04,973.36
85,923.36,2369.44,938.99,1535.29,1092.21,959.30,1220.91,1189.73,1075.63,984.95
86,934.07,2402.43,948.99,1551.37,1104.49,969.73,1234.50,1203.72,1088.34,996.54
87,944.77,2435.42,958.99,1567.45,1116.89,980.18,1248.09,1204.62,1100.93,1008.13
88,955.48,2468.41,968.99,1583.54,1129.18,990.61,1261.68,1205.64,1113.65,1019.71
89,966.18,2501.40,978.99,1599.61,1141.59,1001.06,1275.27,1206.66,1126.33,1031.30
90,976.89,2534.39,988.99,1615.70,1154.00,1011.51,1288.86,1207.68,1138.95,1042.89
91,987.60,2567.38,998.99,1631.77,1166.28,1021.95,1302.45,1208.70,1151.63,1054.48
92,998.30,2600.37,1008.99,1647.86,1178.69,1032.40,1316.04,1208.70,1164.26,1066.06
93,1009.01,2633.36,1018.99,1663.93,1190.98,1042.82,1329.64,1208.70,1176.93,1077.65
94,1019.71,2666.35,1028.99,1680.02,1203.38,1053.28,1343.23,1208.70,1189.52,1089.24
95,1030.42,2699.34,1038.99,1696.09,1215.80,1063.73,1356.82,1208.70,1202.24,1100.83
96,1041.12,2732.33,1048.99,1712.18,1228.08,1074.16,1370.41,1209.72,1214.82,1112.41
97,1051.83,2765.32,1058.99,1728.26,1240.48,1084.61,1384.00,1210.74,1227.54,1124.00
98,1062.54,2798.31,1068.99,1744.34,1252.76,1095.04,1397.59,1211.76,1240.13,1135.59
99,1073.24,2831.30,1078.99,1760.42,1265.18,1105.49,1411.18,1212.78,1247.68,1147.18
100,1083.95,2864.29,1088.99,1776.50,1277.58,1115.94,1424.77,1213.80,1248.85,1158.77
101,1094.65,2897.28,,,1290.77,,1438.36,1229.90,1250.06,1170.35
102,1105.36,2930.27,,,1303.95,,1451.96,1242.07,1262.38,1181.94
103,1116.07,2963.26,,,1317.13,,1465.55,1254.25,1274.81,1193.53
104,1126.77,2996.25,,,1330.31,,1479.14,1266.43,1287.22,1205.12
105,1137.48,3029.24,,,1343.50,,1492.73,1278.61,1299.56,1216.70
106,1148.18,3062.23,,,1356.68,,1506.32,1290.78,1311.98,1228.29
107,1158.89,3095.22,,,1369.86,,1519.91,1302.96,1324.31,1239.88
108,1169.59,3128.21,,,1383.05,,1533.50,1315.14,1336.72,1251.47
109,1180.30,3161.20,,,1396.23,,1547.09,1327.32,1349.06,1263.05
110,1191.01,3194.19,,,1409.41,,1560.68,1339.49,1361.47,1274.64
111,1201.71,3227.18,,,1422.59,,1574.28,1351.67,1373.80,1286.23
112,1212.42,3260.17,,,1435.78,,1587.87,1363.84,1386.23,1297.82
113,1223.12,3293.16,,,1448.96,,1601.46,1376.02,1398.56,1309.40
114,1233.83,3326.15,,,1462.14,,1615.05,1388.20,1410.95,1320.99
115,1244.54,3359.14,,,1475.32,,1628.64,1400.38,1423.30,1332.58
116,1255.24,3392.13,,,1488.51,,1642.23,1412.56,1435.70,1344.17
117,1265.95,3425.12,,,1501.69,,1655.82,1424.74,1448.05,1355.76
118,1276.65,3458.11,,,1514.87,,1669.41,1436.90,1460.44,1367.34
119,1287.36,3491.10,,,1528.05,,1683.00,1449.08,1472.87,1378.93
120,1298.06,3524.09,,,1541.24,,1696.59,1461.26,1485.20,1390.52
121,1308.77,3557.08,,,1554.42,,1710.19,1473.44,1497.61,1402.11
122,1319.48,3590.07,,,1567.60,,1723.78,1485.62,1509.94,1413.69
123,1330.18,3623.06,,,1580.79,,1737.37,1497.80,1522.36,1425.28
124,1340.89,3656.05,,,1593.97,,1750.96,1509.98,1534.69,1436.87
125,1351.59,3689.04,,,1607.15,,1764.55,1522.15,1547.11,1448.46
126,1362.30,3722.03,,,1620.33,,1778.14,1534.32,1559.45,1460.04
127,1373.00,3755.02,,,1633.52,,1791.73,1546.50,1571.86,1471.63
128,1383.71,3788.01,,,1646.70,,1805.32,1558.68,1584.19,1483.22
129,1394.42,3821.00,,,1659.88,,1818.91,1570.86,1596.61,1494.81
130,1405.12,3853.99,,,1673.06,,1832.51,1583.04,1608.94,1506.39
131,1415.83,3886.98,,,1686.25,,1846.10,1595.21,1621.35,1517.98
132,1426.53,3919.97,,,1699.43,,1859.69,1607.39,1633.69,1529.57
133,1437.24,3952.96,,,1712.61,,1873.28,1619.57,1646.11,1541.16
134,1447.95,3985.95,,,1725.79,,1886.87,1631.75,1658.50,1552.75
135,1458.65,4018.94,,,1738.98,,1900.46,1643.92,1670.85,1564.33
136,1469.36,4051.93,,,1752.16,,1914.05,1656.10,1683.25,1575.92
137,1480.06,4084.92,,,1765.34,,1927.64,1668.27,1695.60,1587.51
138,1490.77,4117.91,,,1778.53,,1941.23,1680.45,1708.00,1599.10
139,1501.47,4150.90,,,1791.71,,1954.82,1692.63,1720.35,1610.68
140,1512.18,4183.89,,,1804.89,,1968.42,1704.81,1732.75,1622.27
141,1522.89,4216.88,,,1818.07,,1982.01,1716.99,1745.10,1633.86
142,1533.59,4249.87,,,1831.26,,1995.60,1729.17,1757.49,1645.45
143,1544.30,4282.86,,,1844.44,,2009.19,1741.34,1769.85,1657.03
144,1555.00,4315.85,,,1857.62,,2022.78,1753.51,1782.24,1668.62
145,1565.71,4348.84,,,1870.80,,2036.37,1765.69,1794.62,1680.21
146,1576.42,4381.83,,,1883.99,,2049.96,1777.87,1806.99,1691.80
147,1587.12,4414.82,,,1897.17,,2063.55,1790.05,1819.37,1703.38
148,1597.83,4447.81,,,1910.35,,2077.14,1802.23,1831.74,1714.97
149,1608.53,4480.80,,,1923.54,,2090.74,1814.41,1844.17,1726.56
150,1619.24,4513.79,,,1936.72,,2104.33,1826.58,1856.49,1738.15
151,1629.94,4546.78,,,1949.90,,2117.92,1838.75,1868.91,1749.74
152,1640.65,4579.77,,,1963.08,,2131.51,1850.93,1881.32,1761.32
153,1651.36,4612.76,,,1976.27,,2145.10,1863.11,1893.74,1772.91
154,1662.06,4645.75,,,1989.45,,2158.69,1875.29,1906.15,1784.50
155,1672.77,4678.74,,,2002.63,,2172.28,1887.47,1918.57,1796.09
156,1683.47,4711.73,,,2015.81,,2185.87,1899.65,1930.99,1807.67
157,1694.18,4744.72,,,2029.00,,2199.46,1911.83,1943.40,1819.26
158,1704.88,4777.71,,,2042.18,,2213.05,1924.01,1955.82,1830.85
159,1715.59,4810.70,,,2055.36,,2226.65,1936.18,1968.24,1842.44
160,1726.30,4843.69,,,2068.54,,2240.24,1948.36,1980.65,1854.02
161,1737.00,4876.68,,,2081.73,,2253.83,1960.54,1993.06,1865.61
162,1747.71,4909.67,,,2094.91,,2267.42,1972.72,2005.49,1877.20
163,1758.41,4942.66,,,2108.09,,2281.01,1984.90,2017.90,1888.79
164,1769.12,4975.65,,,2121.28,,2294.60,1997.08,2030.31,1900.37
165,1779.83,5008.64,,,2134.46,,2308.19,2009.26,2042.73,1911.96
166,1790.53,5041.63,,,2147.64,,2321.78,2021.44,2055.15,1923.55
167,1801.24,5074.62,,,2160.82,,2335.37,2033.61,2067.57,1935.14
168,1811.94,5107.61,,,2174.01,,2348.97,2045.79,2079.98,1946.73
169,1822.65,5140.60,,,2187.19,,2362.56,2057.97,2092.39,1958.31
170,1833.35,5173.59,,,2200.37,,2376.15,2070.15,2104.82,1969.90
171,1844.06,5206.58,,,2213.55,,2389.74,2082.33,2117.23,1981.49
172,1854.77,5239.57,,,2226.74,,2403.33,2094.51,2129.64,1993.08
173,1865.47,5272.56,,,2239.92,,2416.92,2106.69,2142.07,2004.66
174,1876.18,5305.55,,,2253.10,,2430.51,2118.87,2154.48,2016.25
175,1886.88,5338.54,,,2266.28,,2444.10,2131.05,2166.89,2027.84
176,1897.59,5371.53,,,2279.47,,2457.69,2143.22,2179.31,2039.43
177,1908.30,5404.52,,,2292.65,,2471.28,2155.40,2191.73,2051.01
178,1919.00,5437.51,,,2305.83,,2484.88,2167.58,2204.14,2062.60
179,1929.71,5470.50,,,2319.02,,2498.47,2179.76,2216.56,2074.19
180,1940.41,5503.49,,,2332.20,,2512.06,2191.94,2228.97,2085.78
181,1951.12,5536.48,,,2345.38,,2525.65,2204.12,2241.39,2097.36
182,1961.82,5569.47,,,2358.56,,2539.24,2216.30,2253.81,2108.95
183,1972.53,5602.46,,,2371.75,,2552.83,2228.48,2266.22,2120.54
184,1983.24,5635.45,,,2384.93,,2566.42,2240.65,2278.64,2132.13
185,1993.94,5668.44,,,2398.11,,2580.01,2252.83,2291.06,2143.72
186,2004.65,5701.43,,,2411.29,,2593.60,2265.01,2303.47,2155.30
187,2015.35,5734.42,,,2424.48,,2607.20,2277.19,2315.88,2166.89
188,2026.06,5767.41,,,2437.66,,2620.79,2289.37,2328.31,2178.48
189,2036.77,5800.40,,,2450.84,,2634.38,2301.55,2340.72,2190.07
190,2047.47,5833.39,,,2464.03,,2647.97,2313.73,2353.14,2201.65
191,2058.18,5866.38,,,2477.21,,2661.56,2325.91,2365.55,2213.24
192,2068.88,5899.37,,,2490.39,,2675.15,2338.08,2377.97,2224.83
193,2079.59,5932.36,,,2503.57,,2688.74,2350.26,2390.39,2236.42
194,2090.29,5965.35,,,2516.76,,2702.33,2362.44,2402.80,2248.00
195,2101.00,5998.34,,,2529.94,,2715.92,2374.62,2415.21,2259.59
196,2111.71,6031.33,,,2543.12,,2729.51,2386.80,2427.64,2271.18
197,2122.41,6064.32,,,2556.30,,2743.11,2398.98,2440.05,2282.77
198,2133.12,6097.31,,,2569.49,,2756.70,2411.16,2452.46,2294.35
199,2143.82,6130.30,,,2582.67,,2770.29,2423.34,2464.89,2305.94
200,2154.53,6163.29,,,2595.85,,2783.88,2435.52,2477.30,2317.53
201,2165.23,6196.28,,,2609.03,,2797.47,2447.69,2489.71,2329.12
202,2175.94,6229.27,,,2622.22,,2811.06,2459.87,2502.13,2340.71
203,2186.65,6262.26,,,2635.40,,2824.65,2472.05,2514.55,2352.29
204,2197.35,6295.25,,,2648.58,,2838.24,2484.23,2526.96,2363.88
205,2208.06,6328.24,,,2661.77,,2851.83,2496.41,2539.38,2375.47
206,2218.76,6361.23,,,2674.95,,2865.43,2508.59,2551.79,2387.06
207,2229.47,6394.22,,,2688.13,,2879.02,2520.77,2564.21,2398.64
208,2240.18,6427.21,,,2701.31,,2892.61,2532.95,2576.63,2410.23
209,2250.88,6460.20,,,2714.50,,2906.20,2545.12,2589.04,2421.82
210,2261.59,6493.19,,,2727.68,,2919.79,2557.30,2601.46,2433.41
211,2272.29,6526.18,,,2740.86,,2933.38,2569.48,2613.88,2444.99
212,2283.00,6559.17,,,2754.04,,2946.97,2581.66,2626.29,2456.58
213,2293.70,6592.16,,,2767.23,,2960.56,2593.84,2638.71,2468.17
214,2304.41,6625.15,,,2780.41,,2974.15,2606.02,2651.13,2479.76
215,2315.12,6658.14,,,2793.59,,2987.74,2618.20,2663.54,2491.34
216,2325.82,6691.13,,,2806.77,,3001.34,2630.38,2675.96,2502.93
217,2336.53,6724.12,,,2819.96,,3014.93,2642.55,2688.37,2514.52
218,2347.23,6757.11,,,2833.14,,3028.52,2654.73,2700.79,2526.11
219,2357.94,6790.10,,,2846.32,,3042.11,2666.91,2713.21,2537.70
220,2368.65,6823.09,,,2859.51,,3055.70,2679.09,2725.62,2549.28
221,2379.35,6856.08,,,2872.69,,3069.29,2691.27,2738.03,2560.87
222,2390.06,6889.07,,,2885.87,,3082.88,2703.45,2750.46,2572.46
223,2400.76,6922.06,,,2899.05,,3096.47,2715.63,2762.87,2584.05
224,2411.47,6955.05,,,2912.24,,3110.06,2727.81,2775.28,2595.63
225,2422.17,6988.04,,,2925.42,,3123.66,2739.99,2787.71,2607.22
226,2432.88,7021.03,,,2938.60,,3137.25,2752.16,2800.12,2618.81
227,2443.59,7054.02,,,2951.78,,3150.84,2764.34,2812.53,2630.40
228,2454.29,7087.01,,,2964.97,,3164.43,2776.52,2824.95,2641.98
229,2465.00,7120.00,,,2978.15,,3178.02,2788.70,2837.37,2653.57
230,2475.70,7152.99,,,2991.33,,3191.61,2800.88,2849.79,2665.16
231,2486.41,7185.98,,,3004.51,,3205.20,2813.06,2862.20,2676.75
232,2497.11,7218.97,,,3017.70,,3218.79,2825.24,2874.61,2688.33
233,2507.82,7251.96,,,3030.88,,3232.38,2837.42,2887.04,2699.92
234,2518.53,7284.95,,,3044.06,,3245.97,2849.59,2899.45,2711.51
235,2529.23,7317.94,,,3057.25,,3259.57,2861.77,2911.86,2723.10
236,2539.94,7350.93,,,3070.43,,3273.16,2873.95,2924.28,2734.69
237,2550.64,7383.92,,,3083.61,,3286.75,2886.13,2936.70,2746.27
238,2561.35,7416.91,,,3096.79,,3300.34,2898.31,2949.11,2757.86
239,2572.06,7449.90,,,3109.98,,3313.93,2910.49,2961.53,2769.45
240,2582.76,7482.89,,,3123.16,,3327.52,2922.67,2973.95,2781.04
241,2593.47,7515.88,,,3136.34,,3341.11,2934.85,2986.36,2792.62
242,2604.17,7548.87,,,3149.52,,3354.70,2947.02,2998.78,2804.21
243,2614.88,7581.86,,,3162.71,,3368.29,2959.20,3011.19,2815.80
244,2625.58,7614.85,,,3175.89,,3381.89,2971.38,3023.61,2827.39
245,2636.29,7647.84,,,3189.07,,3395.48,2983.56,3036.03,2838.97
246,2647.00,7680.83,,,3202.26,,3409.07,2995.74,3048.44,2850.56
247,2657.70,7713.82,,,3215.44,,3422.66,3007.92,3060.85,2862.15
248,2668.41,7746.81,,,3228.62,,3436.25,3020.10,3073.28,2873.74
249,2679.11,7779.80,,,3241.80,,3449.84,3032.28,3085.69,2885.32
250,2689.82,7812.79,,,3254.99,,3463.43,3044.46,3098.10,2896.91
251,2700.53,7845.78,,,3268.17,,3477.02,3056.63,3110.52,2908.50
252,2711.23,7878.77,,,3281.35,,3490.61,3068.81,3122.94,2920.09
253,2721.94,7911.76,,,3294.53,,3504.21,3080.99,3135.36,2931.68
254,2732.64,7944.75,,,3307.72,,3517.80,3093.17,3147.77,2943.26
255,2743.35,7977.74,,,3320.90,,3531.39,3105.35,3160.19,2954.85
256,2754.05,8010.73,,,3334.08,,3544.98,3117.53,3172.61,2966.44
257,2764.76,8043.72,,,3347.26,,3558.57,3129.71,3185.02,2978.03
258,2775.47,8076.71,,,3360.45,,3572.16,3141.89,3197.43,2989.61
259,2786.17,8109.70,,,3373.63,,3585.75,3154.06,3209.86,3001.20
260,2796.88,8142.69,,,3386.81,,3599.34,3166.24,3222.27,3012.79
261,2807.58,8175.68,,,3400.00,,3612.93,3178.42,3234.68,3024.38
262,2818.29,8208.67,,,3413.18,,3626.52,3190.60,3247.10,3035.96
263,2828.99,8241.66,,,3426.36,,3640.12,3202.78,3259.52,3047.55
264,2839.70,8274.65,,,3439.54,,3653.71,3214.96,3271.93,3059.14
265,2850.41,8307.64,,,3452.73,,3667.30,3227.14,3284.35,3070.73
266,2861.11,8340.63,,,3465.91,,3680.89,3239.32,3296.77,3082.31
267,2871.82,8373.62,,,3479.09,,3694.48,3251.49,3309.18,3093.90
268,2882.52,8406.61,,,3492.27,,3708.07,3263.67,3321.60,3105.49
269,2893.23,8439.60,,,3505.46,,3721.66,3275.85,3334.01,3117.08
270,2903.94,8472.59,,,3518.64,,3735.25,3288.03,3346.43,3128.67
271,2914.64,8505.58,,,3531.82,,3748.84,3300.21,3358.85,3140.25
272,2925.35,8538.57,,,3545.00,,3762.44,3312.39,3371.26,3151.84
273,2936.05,8571.56,,,3558.19,,3776.03,3324.57,3383.68,3163.43
274,2946.76,8604.55,,,3571.37,,3789.62,3336.75,3396.10,3175.02
275,2957.46,8637.54,,,3584.55,,3803.21,3348.93,3408.51,3186.60
276,2968.17,8670.53,,,3597.74,,3816.80,3361.10,3420.93,3198.19
277,2978.88,8703.52,,,3610.92,,3830.39,3373.28,3433.34,3209.78
278,2989.58,8736.51,,,3624.10,,3843.98,3385.46,3445.76,3221.37
279,3000.29,8769.50,,,3637.28,,3857.57,3397.64,3458.18,3232.95
280,3010.99,8802.49,,,3650.47,,3871.16,3409.82,3470.59,3244.54
281,3021.70,8835.48,,,3663.65,,3884.75,3422.00,3483.01,3256.13
282,3032.41,8868.47,,,3676.83,,3898.35,3434.18,3495.43,3267.72
283,3043.11,8901.46,,,3690.01,,3911.94,3446.36,3507.84,3279.30
284,3053.82,8934.45,,,3703.20,,3925.53,3458.53,3520.25,3290.89
285,3064.52,8967.44,,,3716.38,,3939.12,3470.71,3532.68,3302.48
286,3075.23,9000.43,,,3729.56,,3952.71,3482.89,3545.09,3314.07
287,3085.93,9033.42,,,3742.75,,3966.30,3495.07,3557.50,3325.66
288,3096.64,9066.41,,,3755.93,,3979.89,3507.25,3569.92,3337.24
289,3107.35,9099.40,,,3769.11,,3993.48,3519.43,3582.34,3348.83
290,3118.05,9132.39,,,3782.29,,4007.07,3531.61,3594.75,3360.42
291,3128.76,9165.38,,,3795.48,,4020.67,3543.79,3607.17,3372.01
292,3139.46,9198.37,,,3808.66,,4034.26,3555.96,3619.58,3383.59
293,3150.17,9231.36,,,3821.84,,4047.85,3568.14,3632.00,3395.18
294,3160.88,9264.35,,,3835.02,,4061.44,3580.32,3644.42,3406.77
295,3171.58,9297.34,,,3848.21,,4075.03,3592.50,3656.83,3418.36
296,3182.29,9330.33,,,3861.39,,4088.62,3604.68,3669.26,3429.94
297,3192.99,9363.32,,,3874.57,,4102.21,3616.86,3681.67,3441.53
298,3203.70,9396.31,,,3887.75,,4115.80,3629.04,3694.08,3453.12
299,3214.40,9429.30,,,3900.94,,4129.39,3641.22,3706.50,3464.71
300,3225.11,9462.29,,,3914.12,,4142.98,3653.40,3718.92,3476.30
301,3235.82,9495.28,,,3927.30,,4156.58,3665.57,3731.33,3487.88
302,3246.52,9528.27,,,3940.49,,4170.17,3677.75,3743.75,3499.47
303,3257.23,9561.26,,,3953.67,,4183.76,3689.93,3756.16,3511.06
304,3267.93,9594.25,,,3966.85,,4197.35,3702.11,3768.58,3522.65
305,3278.64,9627.24,,,3980.03,,4210.94,3714.29,3781.00,3534.23
306,3289.34,9660.23,,,3993.22,,4224.53,3726.47,3793.41,3545.82
307,3300.05,9693.22,,,4006.40,,4238.12,3738.65,3805.83,3557.41
308,3310.76,9726.21,,,4019.58,,4251.71,3750.83,3818.25,3569.00
309,3321.46,9759.20,,,4032.76,,4265.30,3763.00,3830.66,3580.58
310,3332.17,9792.19,,,4045.95,,4278.90,3775.18,3843.07,3592.17
311,3342.87,9825.18,,,4059.13,,4292.49,3787.36,3855.50,3603.76
312,3353.58,9858.17,,,4072.31,,4306.08,3799.54,3867.91,3615.35
313,3364.29,9891.16,,,4085.49,,4319.67,3811.72,3880.32,3626.93
314,3374.99,9924.15,,,4098.68,,4333.26,3823.90,3892.74,3638.52
315,3385.70,9957.14,,,4111.86,,4346.85,3836.08,3905.16,3650.11
316,3396.40,9990.13,,,4125.04,,4360.44,3848.26,3917.58,3661.70
317,3407.11,10023.12,,,4138.23,,4374.03,3860.43,3929.99,3673.29
318,3417.81,10056.11,,,4151.41,,4387.62,3872.61,3942.40,3684.87
319,3428.52,10089.10,,,4164.59,,4401.21,3884.79,3954.83,3696.46
320,3439.23,10122.09,,,4177.77,,4414.81,3896.97,3967.24,3708.05
321,3449.93,10155.08,,,4190.96,,4428.40,3909.15,3979.65,3719.64
322,3460.64,10188.07,,,4204.14,,4441.99,3921.33,3992.08,3731.22
323,3471.34,10221.06,,,4217.32,,4455.58,3933.51,4004.49,3742.81
324,3482.05,10254.05,,,4230.50,,4469.17,3945.69,4016.90,3754.40
325,3492.76,10287.04,,,4243.69,,4482.76,3957.87,4029.32,3765.99
326,3503.46,10320.03,,,4256.87,,4496.35,3970.04,4041.74,3777.57
327,3514.17,10353.02,,,4270.05,,4509.94,3982.22,4054.15,3789.16
328,3524.87,10386.01,,,4283.23,,4523.53,3994.40,4066.57,3800.75
329,3535.58,10419.00,,,4296.42,,4537.13,4006.58,4078.98,3812.34
330,3546.28,10451.99,,,4309.60,,4550.72,4018.76,4091.40,3823.92
331,3556.99,10484.98,,,4322.78,,4564.31,4030.94,4103.82,3835.51
332,3567.70,10517.97,,,4335.97,,4577.90,4043.12,4116.23,3847.10
333,3578.40,10550.96,,,4349.15,,4591.49,4055.30,4128.64,3858.69
334,3589.11,10583.95,,,4362.33,,4605.08,4067.47,4141.07,3870.28
335,3599.81,10616.94,,,4375.51,,4618.67,4079.65,4153.48,3881.86
336,3610.52,10649.93,,,4388.70,,4632.26,4091.83,4165.89,3893.45
337,3621.22,10682.92,,,4401.88,,4645.85,4104.01,4178.32,3905.04
338,3631.93,10715.91,,,4415.06,,4659.44,4116.19,4190.73,3916.63
339,3642.64,10748.90,,,4428.24,,4673.04,4128.37,4203.15,3928.21
340,3653.34,10781.89,,,4441.43,,4686.63,4140.55,4215.56,3939.80
341,3664.05,10814.88,,,4454.61,,4700.22,4152.73,4227.98,3951.39
342,3674.75,10847.87,,,4467.79,,4713.81,4164.90,4240.40,3962.98
343,3685.46,10880.86,,,4480.98,,4727.40,4177.08,4252.81,3974.56
344,3696.17,10913.85,,,4494.16,,4740.99,4189.26,4265.22,3986.15
345,3706.87,10946.84,,,4507.34,,4754.58,4201.44,4277.65,3997.74
346,3717.58,10979.83,,,4520.52,,4768.17,4213.62,4290.06,4009.33
347,3728.28,11012.82,,,4533.71,,4781.76,4225.80,4302.47,4020.91
348,3738.99,11045.81,,,4546.89,,4795.36,4237.98,4314.90,4032.50
349,3749.69,11078.80,,,4560.07,,4808.95,4250.16,4327.31,4044.09
350,3760.40,11111.79,,,4573.25,,4822.54,4262.34,4339.72,4055.68
351,3771.11,11144.78,,,4586.44,,4836.13,4274.51,4352.14,4067.27
352,3781.81,11177.77,,,4599.62,,4849.72,4286.69,4364.56,4078.85
353,3792.52,11210.76,,,4612.80,,4863.31,4298.87,4376.97,4090.44
354,3803.22,11243.75,,,4625.98,,4876.90,4311.05,4389.39,4102.03
355,3813.93,11276.74,,,4639.17,,4890.49,4323.23,4401.80,4113.62
356,3824.64,11309.73,,,4652.35,,4904.08,4335.41,4414.22,4125.20
357,3835.34,11342.72,,,4665.53,,4917.67,4347.59,4426.64,4136.79
358,3846.05,11375.71,,,4678.72,,4931.27,4359.77,4439.05,4148.38
359,3856.75,11408.70,,,4691.90,,4944.86,4371.94,4451.47,4159.97
360,3867.46,11441.69,,,4705.08,,4958.45,4384.12,4463.89,4171.55
361,3878.16,11474.68,,,4718.26,,4972.04,4396.30,4476.30,4183.14
362,3888.87,11507.67,,,4731.45,,4985.63,4408.48,4488.72,4194.73
363,3899.58,11540.66,,,4744.63,,4999.22,4420.66,4501.14,4206.32
364,3910.28,11573.65,,,4757.81,,5012.81,4432.84,4513.55,4217.90
365,3920.99,11606.64,,,4770.99,,5026.40,4445.02,4525.97,4229.49
366,3931.69,11639.63,,,4784.18,,5039.99,4457.20,4538.38,4241.08
367,3942.40,11672.62,,,4797.36,,5053.59,4469.37,4550.80,4252.67
368,3953.10,11705.61,,,4810.54,,5067.18,4481.55,4563.22,4264.26
369,3963.81,11738.60,,,4823.72,,5080.77,4493.73,4575.63,4275.84
370,3974.52,11771.59,,,4836.91,,5094.36,4505.91,4588.04,4287.43
371,3985.22,11804.58,,,4850.09,,5107.95,4518.09,4600.47,4299.02
372,3995.93,11837.57,,,4863.27,,5121.54,4530.27,4612.88,4310.61
373,4006.63,11870.56,,,4876.46,,5135.13,4542.45,4625.29,4322.19
374,4017.34,11903.55,,,4889.64,,5148.72,4554.63,4637.72,4333.78
375,4028.05,11936.54,,,4902.82,,5162.31,4566.81,4650.13,4345.37
376,4038.75,11969.53,,,4916.00,,5175.91,4578.98,4662.54,4356.96
377,4049.46,12002.52,,,4929.19,,5189.50,4591.16,4674.96,4368.54
378,4060.16,12035.51,,,4942.37,,5203.09,4603.34,4687.38,4380.13
379,4070.87,12068.50,,,4955.55,,5216.68,4615.52,4699.80,4391.72
380,4081.57,12101.49,,,4968.73,,5230.27,4627.70,4712.21,4403.31
381,4092.28,12134.48,,,4981.92,,5243.86,4639.88,4724.62,4414.89
382,4102.99,12167.47,,,4995.10,,5257.45,4652.06,4737.05,4426.48
383,4113.69,12200.46,,,5008.28,,5271.04,4664.24,4749.46,4438.07
384,4124.40,12233.45,,,5021.46,,5284.63,4676.41,4761.87,4449.66
385,4135.10,12266.44,,,5034.65,,5298.22,4688.59,4774.29,4461.25
386,4145.81,12299.43,,,5047.83,,5311.82,4700.77,4786.71,4472.83
387,4156.52,12332.42,,,5061.01,,5325.41,4712.95,4799.12,4484.42
388,4167.22,12365.41,,,5074.20,,5339.00,4725.13,4811.54,4496.01
389,4177.93,12398.40,,,5087.38,,5352.59,4737.31,4823.96,4507.60
390,4188.63,12431.39,,,5100.56,,5366.18,4749.49,4836.37,4519.18
391,4199.34,12464.38,,,5113.74,,5379.77,4761.67,4848.79,4530.77
392,4210.04,12497.37,,,5126.93,,5393.36,4773.84,4861.20,4542.36
393,4220.75,12530.36,,,5140.11,,5406.95,4786.02,4873.62,4553.95
394,4231.46,12563.35,,,5153.29,,5420.54,4798.20,4886.04,4565.53
395,4242.16,12596.34,,,5166.47,,5434.14,4810.38,4898.45,4577.12
396,4252.87,12629.33,,,5179.66,,5447.73,4822.56,4910.86,4588.71
397,4263.57,12662.32,,,5192.84,,5461.32,4834.74,4923.29,4600.30
398,4274.28,12695.31,,,5206.02,,5474.91,4846.92,4935.70,4611.88
399,4284.99,12728.30,,,5219.21,,5488.50,4859.10,4948.11,4623.47
400,4295.69,12761.29,,,5232.39,,5502.09,4871.28,4960.53,4635.06
401,4306.40,12794.28,,,5245.57,,5515.68,4883.45,4972.95,4646.65
402,4317.10,12827.27,,,5258.75,,5529.27,4895.63,4985.37,4658.24
403,4327.81,12860.26,,,5271.94,,5542.86,4907.81,4997.78,4669.82
404,4338.51,12893.25,,,5285.12,,5556.45,4919.99,5010.20,4681.41
405,4349.22,12926.24,,,5298.30,,5570.05,4932.17,5022.62,4693.00
406,4359.93,12959.23,,,5311.48,,5583.64,4944.35,5035.03,4704.59
407,4370.63,12992.22,,,5324.67,,5597.23,4956.53,5047.44,4716.17
408,4381.34,13025.21,,,5337.85,,5610.82,4968.71,5059.87,4727.76
409,4392.04,13058.20,,,5351.03,,5624.41,4980.88,5072.28,4739.35
410,4402.75,13091.19,,,5364.21,,5638.00,4993.06,5084.69,4750.94
411,4413.45,13124.18,,,5377.40,,5651.59,5005.24,5097.11,4762.52
412,4424.16,13157.17,,,5390.58,,5665.18,5017.42,5109.53,4774.11
413,4434.87,13190.16,,,5403.76,,5678.77,5029.60,5121.94,4785.70
414,4445.57,13223.15,,,5416.95,,5692.37,5041.78,5134.36,4797.29
415,4456.28,13256.14,,,5430.13,,5705.96,5053.96,5146.78,4808.87
416,4466.98,13289.13,,,5443.31,,5719.55,5066.14,5159.19,4820.46
417,4477.69,13322.12,,,5456.49,,5733.14,5078.31,5171.61,4832.05
418,4488.40,13355.11,,,5469.68,,5746.73,5090.49,5184.02,4843.64
419,4499.10,13388.10,,,5482.86,,5760.32,5102.67,5196.44,4855.23
420,4509.81,13421.09,,,5496.04,,5773.91,5114.85,5208.86,4866.81
421,4520.51,13454.08,,,5509.22,,5787.50,5127.03,5221.27,4878.40
422,4531.22,13487.07,,,5522.41,,5801.09,5139.21,5233.69,4889.99
423,4541.92,13520.06,,,5535.59,,5814.68,5151.39,5246.11,4901.58
424,4552.63,13553.05,,,5548.77,,5828.28,5163.57,5258.52,4913.16
425,4563.34,13586.04,,,5561.95,,5841.87,5175.75,5270.94,4924.75
426,4574.04,13619.03,,,5575.14,,5855.46,5187.92,5283.35,4936.34
427,4584.75,13652.02,,,5588.32,,5869.05,5200.10,5295.77,4947.93
428,4595.45,13685.01,,,5601.50,,5882.64,5212.28,5308.19,4959.51
429,4606.16,13718.00,,,5614.69,,5896.23,5224.46,5320.60,4971.10
430,4616.87,13750.99,,,5627.87,,5909.82,5236.64,5333.02,4982.69
431,4627.57,13783.98,,,5641.05,,5923.41,5248.82,5345.44,4994.28
432,4638.28,13816.97,,,5654.23,,5937.00,5261.00,5357.85,5005.86
433,4648.98,13849.96,,,5667.42,,5950.60,5273.18,5370.26,5017.45
434,4659.69,13882.95,,,5680.60,,5964.19,5285.35,5382.69,5029.04
435,4670.39,13915.94,,,5693.78,,5977.78,5297.53,5395.10,5040.63
436,4681.10,13948.93,,,5706.96,,5991.37,5309.71,5407.51,5052.22
437,4691.81,13981.92,,,5720.15,,6004.96,5321.89,5419.93,5063.80
438,4702.51,14014.91,,,5733.33,,6018.55,5334.07,5432.35,5075.39
439,4713.22,14047.90,,,5746.51,,6032.14,5346.25,5444.76,5086.98
440,4723.92,14080.89,,,5759.70,,6045.73,5358.43,5457.18,5098.57
441,4734.63,14113.88,,,5772.88,,6059.32,5370.61,5469.59,5110.15
442,4745.33,14146.87,,,5786.06,,6072.91,5382.78,5482.02,5121.74
443,4756.04,14179.86,,,5799.24,,6086.51,5394.96,5494.43,5133.33
444,4766.75,14212.85,,,5812.43,,6100.10,5407.14,5506.84,5144.92
445,4777.45,14245.84,,,5825.61,,6113.69,5419.32,5519.27,5156.50
446,4788.16,14278.83,,,5838.79,,6127.28,5431.50,5531.68,5168.09
447,4798.86,14311.82,,,5851.97,,6140.87,5443.68,5544.09,5179.68
448,4809.57,14344.81,,,5865.16,,6154.46,5455.86,5556.51,5191.27
449,4820.28,14377.80,,,5878.34,,6168.05,5468.04,5568.93,5202.85
450,4830.98,14410.79,,,5891.52,,6181.64,5480.22,5581.34,5214.44
451,4841.69,14443.78,,,5904.70,,6195.23,5492.39,5593.76,5226.03
452,4852.39,14476.77,,,5917.89,,6208.83,5504.57,5606.17,5237.62
453,4863.10,14509.76,,,5931.07,,6222.42,5516.75,5618.59,5249.21
454,4873.80,14542.75,,,5944.25,,6236.01,5528.93,5631.01,5260.79
455,4884.51,14575.74,,,5957.44,,6249.60,5541.11,5643.42,5272.38
456,4895.22,14608.73,,,5970.62,,6263.19,5553.29,5655.84,5283.97
457,4905.92,14641.72,,,5983.80,,6276.78,5565.47,5668.26,5295.56
458,4916.63,14674.71,,,5996.98,,6290.37,5577.65,5680.67,5307.14
459,4927.33,14707.70,,,6010.17,,6303.96,5589.82,5693.08,5318.73
460,4938.04,14740.69,,,6023.35,,6317.55,5602.00,5705.51,5330.32
461,4948.75,14773.68,,,6036.53,,6331.14,5614.18,5717.92,5341.91
462,4959.45,14806.67,,,6049.71,,6344.74,5626.36,5730.33,5353.49
463,4970.16,14839.66,,,6062.90,,6358.33,5638.54,5742.75,5365.08
464,4980.86,14872.65,,,6076.08,,6371.92,5650.72,5755.17,5376.67
465,4991.57,14905.64,,,6089.26,,6385.51,5662.90,5767.59,5388.26
466,5002.27,14938.63,,,6102.44,,6399.10,5675.08,5780.00,5399.84
467,5012.98,14971.62,,,6115.63,,6412.69,5687.25,5792.41,5411.43
468,5023.69,15004.61,,,6128.81,,6426.28,5699.43,5804.84,5423.02
469,5034.39,15037.60,,,6141.99,,6439.87,5711.61,5817.25,5434.61
470,5045.10,15070.59,,,6155.18,,6453.46,5723.79,5829.66,5446.20
471,5055.80,15103.58,,,6168.36,,6467.06,5735.97,5842.09,5457.78
472,5066.51,15136.57,,,6181.54,,6480.65,5748.15,5854.50,5469.37
473,5077.22,15169.56,,,6194.72,,6494.24,5760.33,5866.91,5480.96
474,5087.92,15202.55,,,6207.91,,6507.83,5772.51,5879.33,5492.55
475,5098.63,15235.54,,,6221.09,,6521.42,5784.69,5891.75,5504.13
476,5109.33,15268.53,,,6234.27,,6535.01,5796.86,5904.16,5515.72
477,5120.04,15301.52,,,6247.45,,6548.60,5809.04,5916.58,5527.31
478,5130.74,15334.51,,,6260.64,,6562.19,5821.22,5928.99,5538.90
479,5141.45,15367.50,,,6273.82,,6575.78,5833.40,5941.41,5550.48
480,5152.16,15400.49,,,6287.00,,6589.37,5845.58,5953.83,5562.07
481,5162.86,15433.48,,,6300.18,,6602.97,5857.76,5966.24,5573.66
482,5173.57,15466.47,,,6313.37,,6616.56,5869.94,5978.65,5585.25
483,5184.27,15499.46,,,6326.55,,6630.15,5882.12,5991.08,5596.83
484,5194.98,15532.45,,,6339.73,,6643.74,5894.29,6003.49,5608.42
485,5205.68,15565.44,,,6352.92,,6657.33,5906.47,6015.91,5620.01
486,5216.39,15598.43,,,6366.10,,6670.92,5918.65,6028.33,5631.60
487,5227.10,15631.42,,,6379.28,,6684.51,5930.83,6040.74,5643.19
488,5237.80,15664.41,,,6392.46,,6698.10,5943.01,6053.16,5654.77
489,5248.51,15697.40,,,6405.65,,6711.69,5955.19,6065.57,5666.36
490,5259.21,15730.39,,,6418.83,,6725.29,5967.37,6077.99,5677.95
491,5269.92,15763.38,,,6432.01,,6738.88,5979.55,6090.41,5689.54
492,5280.63,15796.37,,,6445.19,,6752.47,5991.72,6102.82,5701.12
493,5291.33,15829.36,,,6458.38,,6766.06,6003.90,6115.23,5712.71
494,5302.04,15862.35,,,6471.56,,6779.65,6016.08,6127.66,5724.30
495,5312.74,15895.34,,,6484.74,,6793.24,6028.26,6140.07,5735.89
496,5323.45,15928.33,,,6497.93,,6806.83,6040.44,6152.48,5747.47
497,5334.15,15961.32,,,6511.11,,6820.42,6052.62,6164.91,5759.06
498,5344.86,15994.31,,,6524.29,,6834.01,6064.80,6177.32,5770.65
499,5355.57,16027.30,,,6537.47,,6847.60,6076.98,6189.73,5782.24
500,5366.27,16060.29,,,6550.66,,6861.20,6089.16,6202.15,5793.83
