Desi/KG,Aras,DHL eCommerce,Kolay Gelsin,PTT,Sürat,TEX,Yurtiçi,Borusan,CEVA,Horoz
0,66.49,71.99,69.91,62.03,67.96,61.04,86.74,400.00,510.91,482.40
1,66.49,71.99,69.91,62.03,67.96,61.04,86.74,400.00,510.91,482.40
2,67.93,71.99,71.90,62.03,67.96,62.85,86.74,400.00,510.91,482.40
3,76.10,79.99,79.40,76.80,75.86,71.20,92.73,400.00,510.91,482.40
4,82.94,89.99,84.90,76.80,82.77,76.46,94.72,400.00,510.91,482.40
5,91.12,99.99,92.40,80.44,87.39,81.08,109.92,400.00,510.91,482.40
6,99.28,108.99,99.90,85.47,101.01,91.69,113.50,400.00,510.91,482.40
7,105.30,114.99,107.50,90.53,107.84,98.34,128.36,400.00,510.91,482.40
8,112.33,122.99,115.19,100.59,114.66,105.22,133.30,400.00,510.91,482.40
9,118.78,129.99,122.90,110.68,121.49,112.02,141.56,400.00,510.91,482.40
10,127.91,135.99,129.00,125.81,128.31,118.36,147.81,400.00,510.91,482.40
11,134.82,141.99,134.90,132.01,137.46,125.07,157.38,400.00,510.91,482.40
12,139.78,149.99,140.00,138.64,145.24,129.95,167.27,400.00,510.91,482.40
13,146.11,157.99,146.00,145.31,151.07,135.38,172.56,400.00,510.91,482.40
14,151.75,166.99,152.00,151.95,154.71,140.79,186.07,400.00,510.91,482.40
15,157.34,174.99,157.00,158.58,160.41,146.57,196.00,400.00,510.91,482.40
16,166.17,187.99,171.90,165.22,165.81,153.82,201.61,400.00,510.91,482.40
17,174.94,199.99,181.90,171.86,174.57,161.94,212.82,400.00,510.91,482.40
18,183.76,212.99,190.90,178.50,183.37,170.10,223.37,400.00,510.91,482.40
19,192.55,224.99,199.90,185.17,192.15,178.22,228.01,400.00,510.91,482.40
20,201.36,237.99,208.90,191.81,200.91,186.23,232.92,400.00,510.91,482.40
21,211.52,254.99,217.90,198.44,209.97,194.23,246.12,400.00,510.91,482.40
22,220.78,271.99,226.90,205.08,218.06,201.63,253.72,400.00,510.91,482.40
23,230.02,288.99,235.90,211.73,226.06,208.97,263.30,400.00,510.91,482.40
24,238.25,305.99,244.90,218.36,234.14,216.36,268.57,400.00,510.91,482.40
25,246.43,322.99,253.90,225.02,242.19,223.74,286.68,400.00,510.91,482.40
26,254.33,339.99,262.90,231.66,249.94,230.86,313.43,400.00,510.91,482.40
27,262.22,356.99,271.90,238.30,257.71,237.99,328.26,400.00,510.91,482.40
28,270.13,373.99,280.90,244.94,265.47,245.12,343.12,400.00,510.91,482.40
29,278.04,390.99,289.90,251.58,273.24,252.27,355.00,400.00,510.91,482.40
30,285.94,407.99,298.90,258.23,281.01,259.36,358.63,400.00,510.91,482.40
31,294.50,432.98,325.18,533.54,336.17,303.69,368.93,407.61,516.49,482.40
32,303.07,457.97,341.45,546.41,345.94,316.76,379.23,420.75,522.18,482.40
33,311.64,482.96,357.71,559.28,355.75,329.01,389.52,433.91,527.90,482.40
34,320.20,507.95,373.99,572.14,365.51,339.38,399.82,447.05,533.75,482.40
35,328.77,532.94,390.26,585.00,375.31,349.77,410.12,460.20,539.56,482.40
36,337.34,557.93,406.53,597.87,385.08,360.14,420.41,473.36,545.57,482.40
37,345.90,582.92,422.81,610.73,394.85,370.51,430.71,486.50,551.51,482.40
38,354.47,607.91,439.08,623.60,404.65,380.90,441.01,499.65,557.54,482.40
39,363.04,632.90,455.36,636.46,414.42,390.43,451.30,512.79,563.74,482.40
40,371.60,657.89,471.63,649.33,428.81,402.44,461.60,525.95,569.98,482.40
41,380.17,682.88,487.90,662.19,438.68,411.64,471.89,539.09,575.59,482.40
42,388.74,707.87,507.90,675.06,448.56,420.84,482.19,552.24,581.44,482.40
43,397.30,732.86,527.90,687.92,458.47,430.06,492.49,565.39,587.30,484.23
44,405.87,757.85,547.90,700.78,468.34,439.26,502.78,578.54,593.07,495.49
45,414.44,782.84,567.90,713.65,478.24,448.48,513.08,591.68,599.09,506.75
46,423.00,807.83,587.90,726.52,488.12,457.68,523.38,604.84,605.00,518.01
47,431.57,832.82,607.90,739.38,497.99,466.88,533.67,617.98,611.14,529.27
48,440.14,857.81,627.90,752.24,507.90,476.10,543.97,631.13,617.19,540.53
49,448.70,882.80,647.90,765.11,517.78,485.30,554.27,644.29,623.39,551.80
50,457.27,907.79,667.90,777.98,527.68,494.51,564.56,657.43,629.63,563.05
51,465.84,932.78,687.89,790.83,537.55,503.72,574.86,670.58,666.00,574.32
52,474.40,957.77,707.89,803.70,547.43,512.92,585.16,683.73,672.65,585.57
53,482.97,982.76,727.89,816.57,557.34,522.14,595.45,696.88,679.34,596.84
54,491.54,1007.75,747.89,829.43,567.21,531.34,605.75,710.02,686.14,608.10
55,500.10,1032.74,767.89,842.29,577.11,540.55,616.04,723.18,692.65,619.36
56,508.67,1057.73,787.89,855.16,586.99,549.75,626.34,736.32,696.04,630.62
57,517.24,1082.72,807.89,868.03,596.86,558.95,636.64,749.47,698.21,641.88
58,525.80,1107.71,827.89,880.89,606.77,568.18,646.93,762.62,700.29,653.14
59,534.37,1132.70,847.89,893.75,616.65,577.38,657.23,775.77,701.67,664.41
60,542.94,1157.69,867.89,906.62,626.55,586.59,667.53,788.91,703.19,675.66
61,551.50,1182.68,887.89,919.48,636.42,595.79,677.82,802.07,729.10,686.93
62,560.07,1207.67,907.89,932.35,646.30,604.99,688.12,815.22,741.04,698.18
63,568.64,1232.66,927.88,945.21,656.21,614.22,698.42,828.36,753.01,709.45
64,577.20,1257.65,947.88,958.08,666.08,623.41,708.71,841.51,764.94,720.71
65,585.77,1282.64,967.88,970.94,675.98,632.63,719.01,854.66,776.91,731.97
66,594.34,1307.63,987.88,983.81,685.86,641.83,729.31,867.81,788.83,743.23
67,602.90,1332.62,1007.88,996.67,695.73,651.03,739.60,880.95,800.80,754.49
68,611.47,1357.61,1027.88,1009.53,705.64,660.25,749.90,894.11,812.73,765.75
69,620.04,1382.60,1047.88,1022.40,715.52,669.45,760.19,907.25,824.70,777.02
70,628.60,1407.59,1067.88,1035.27,725.42,678.67,770.49,920.40,836.63,788.27
71,637.17,1432.58,1087.88,1048.13,735.29,687.87,780.79,933.55,848.60,799.54
72,645.74,1457.57,1107.88,1060.99,745.17,697.07,791.08,946.70,860.53,810.79
73,654.30,1482.56,1127.88,1073.86,755.08,706.29,801.38,959.85,872.50,822.06
74,662.87,1507.55,1147.88,1086.73,764.95,715.49,811.68,973.00,884.51,833.32
75,671.44,1532.54,1167.87,1099.58,774.85,724.71,821.97,986.15,896.40,844.58
76,680.00,1557.53,1187.87,1112.45,784.73,733.91,832.27,999.29,908.41,855.84
77,688.57,1582.52,1207.87,1125.32,794.60,743.11,842.57,1012.45,920.30,867.10
78,697.14,1607.51,1227.87,1138.18,804.51,752.33,852.86,1025.59,932.31,878.36
79,705.70,1632.50,1247.87,1151.04,814.39,761.53,863.16,1038.74,944.20,889.63
80,714.27,1657.49,1267.87,1163.91,824.29,770.74,873.45,1051.89,956.21,900.88
81,722.84,1682.48,1287.87,1176.78,834.16,779.95,883.75,1065.04,968.10,912.15
82,731.40,1707.47,1307.87,1189.64,844.04,789.15,894.05,1078.18,980.11,923.40
83,739.97,1732.46,1327.87,1202.50,853.95,798.37,904.34,1091.34,992.00,934.67
84,748.54,1757.45,1347.87,1215.37,863.82,807.57,914.64,1104.48,1004.01,945.93
85,757.10,1782.44,1367.87,1228.23,873.72,816.78,924.94,1117.63,1015.89,957.19
86,765.67,1807.43,1387.87,1241.10,883.60,825.98,935.23,1130.79,1027.90,968.45
87,774.24,1832.42,1407.87,1253.96,893.47,835.18,945.53,1143.93,1039.80,979.71
88,782.80,1857.41,1427.86,1266.83,903.38,844.41,955.83,1157.08,1051.81,990.97
89,791.37,1882.40,1447.86,1279.69,913.26,853.61,966.12,1170.22,1063.78,1002.24
90,799.94,1907.39,1467.86,1292.56,923.16,862.82,976.42,1183.38,1075.71,1013.49
91,808.50,1932.38,1487.86,1305.42,933.03,872.02,986.72,1196.52,1087.68,1024.76
92,817.07,1957.37,1507.86,1318.28,942.91,881.22,997.01,1209.67,1099.61,1036.01
93,825.64,1982.36,1527.86,1331.15,952.82,890.44,1007.31,1222.82,1111.58,1047.28
94,834.20,2007.35,1547.86,1344.02,962.69,899.64,1017.60,1235.97,1123.47,1058.54
95,842.77,2032.34,1567.86,1356.88,972.59,908.86,1027.90,1249.11,1135.48,1069.80
96,851.34,2057.33,1587.86,1369.74,982.47,918.06,1038.20,1262.27,1147.37,1081.06
97,859.90,2082.32,1607.86,1382.61,992.34,927.26,1048.49,1275.42,1159.38,1092.32
98,868.47,2107.31,1627.86,1395.48,1002.25,936.48,1058.79,1288.56,1171.27,1103.58
99,877.04,2132.30,1647.86,1408.33,1012.13,945.68,1069.09,1301.72,1183.28,1114.85
100,885.60,2157.29,1667.85,1421.20,1022.03,954.90,1079.38,1314.86,1195.17,1126.10
101,894.17,2182.28,1687.85,,1032.57,,1089.68,1328.01,1207.18,1137.37
102,902.74,2207.27,1707.85,,1043.11,,1099.98,1341.16,1219.07,1148.62
103,911.30,2232.26,1727.85,,1053.65,,1110.27,1354.31,1231.07,1159.89
104,919.87,2257.25,1747.85,,1064.19,,1120.57,1367.45,1243.06,1171.15
105,928.44,2282.24,1767.85,,1074.74,,1130.87,1380.61,1254.97,1182.41
106,937.00,2307.23,1787.85,,1085.28,,1141.16,1393.75,1266.96,1193.67
107,945.57,2332.22,1807.85,,1095.82,,1151.46,1406.90,1278.87,1204.93
108,954.14,2357.21,1827.85,,1106.36,,1161.75,1420.05,1290.86,1216.19
109,962.70,2382.20,1847.85,,1116.90,,1172.05,1433.20,1302.77,1227.46
110,971.27,2407.19,1867.85,,1127.45,,1182.35,1446.35,1314.76,1238.71
111,979.84,2432.18,1887.85,,1137.99,,1192.64,1459.50,1326.67,1249.98
112,988.40,2457.17,1907.84,,1148.53,,1202.94,1472.65,1338.67,1261.23
113,996.97,2482.16,1927.84,,1159.07,,1213.24,1485.79,1350.58,1272.50
114,1005.54,2507.15,1947.84,,1169.61,,1223.53,1498.94,1362.55,1283.76
115,1014.10,2532.14,1967.84,,1180.16,,1233.83,1512.09,1374.48,1295.02
116,1022.67,2557.13,1987.84,,1190.70,,1244.13,1525.24,1386.45,1306.28
117,1031.24,2582.12,2007.84,,1201.24,,1254.42,1538.38,1398.38,1317.54
118,1039.80,2607.11,2027.84,,1211.78,,1264.72,1551.54,1410.35,1328.80
119,1048.37,2632.10,2047.84,,1222.33,,1275.01,1564.68,1422.34,1340.07
120,1056.94,2657.09,2067.84,,1232.87,,1285.31,1577.83,1434.25,1351.32
121,1065.50,2682.08,2087.84,,1243.41,,1295.61,1590.99,1446.24,1362.59
122,1074.07,2707.07,2107.84,,1253.95,,1305.90,1604.13,1458.14,1373.85
123,1082.64,2732.06,2127.84,,1264.49,,1316.20,1617.28,1470.13,1385.11
124,1091.20,2757.05,2147.84,,1275.04,,1326.50,1630.43,1482.04,1396.37
125,1099.77,2782.04,2167.83,,1285.58,,1336.79,1643.58,1494.03,1407.63
126,1108.34,2807.03,2187.83,,1296.12,,1347.09,1656.72,1505.94,1418.89
127,1116.90,2832.02,2207.83,,1306.66,,1357.39,1669.88,1517.93,1430.16
128,1125.47,2857.01,2227.83,,1317.20,,1367.68,1683.02,1529.84,1441.41
129,1134.04,2882.00,2247.83,,1327.75,,1377.98,1696.17,1541.83,1452.68
130,1142.60,2906.99,2267.83,,1338.29,,1388.28,1709.32,1553.74,1463.93
131,1151.17,2931.98,2287.83,,1348.83,,1398.57,1722.47,1565.73,1475.20
132,1159.74,2956.97,2307.83,,1359.37,,1408.87,1735.61,1577.64,1486.46
133,1168.30,2981.96,2327.83,,1369.91,,1419.16,1748.77,1589.63,1497.72
134,1176.87,3006.95,2347.83,,1380.46,,1429.46,1761.92,1601.60,1508.98
135,1185.44,3031.94,2367.83,,1391.00,,1439.76,1775.06,1613.53,1520.24
136,1194.00,3056.93,2387.83,,1401.54,,1450.05,1788.22,1625.51,1531.50
137,1202.57,3081.92,2407.82,,1412.08,,1460.35,1801.36,1637.44,1542.77
138,1211.14,3106.91,2427.82,,1422.62,,1470.65,1814.51,1649.41,1554.02
139,1219.70,3131.90,2447.82,,1433.17,,1480.94,1827.65,1661.34,1565.29
140,1228.27,3156.89,2467.82,,1443.71,,1491.24,1840.81,1673.30,1576.54
141,1236.84,3181.88,2487.82,,1454.25,,1501.54,1853.95,1685.23,1587.81
142,1245.41,3206.87,2507.82,,1464.79,,1511.83,1867.10,1697.20,1599.07
143,1253.97,3231.86,2527.82,,1475.33,,1522.13,1880.25,1709.13,1610.33
144,1262.54,3256.85,2547.82,,1485.88,,1532.43,1893.40,1721.10,1621.59
145,1271.11,3281.84,2567.82,,1496.42,,1542.72,1906.55,1733.05,1632.85
146,1279.67,3306.83,2587.82,,1506.96,,1553.02,1919.70,1745.00,1644.11
147,1288.24,3331.82,2607.82,,1517.50,,1563.31,1932.85,1756.95,1655.38
148,1296.81,3356.81,2627.82,,1528.04,,1573.61,1945.99,1768.90,1666.63
149,1305.37,3381.80,2647.81,,1538.59,,1583.91,1959.15,1780.91,1677.90
150,1313.94,3406.79,2667.81,,1549.13,,1594.20,1972.29,1792.80,1689.15
151,1322.51,3431.78,2687.81,,1559.67,,1604.50,1985.44,1804.79,1700.42
152,1331.07,3456.77,2707.81,,1570.21,,1614.80,1998.59,1816.78,1711.68
153,1339.64,3481.76,2727.81,,1580.75,,1625.09,2011.74,1828.77,1722.94
154,1348.21,3506.75,2747.81,,1591.30,,1635.39,2024.88,1840.76,1734.20
155,1356.77,3531.74,2767.81,,1601.84,,1645.69,2038.04,1852.75,1745.46
156,1365.34,3556.73,2787.81,,1612.38,,1655.98,2051.18,1864.74,1756.72
157,1373.91,3581.72,2807.81,,1622.92,,1666.28,2064.33,1876.73,1767.99
158,1382.47,3606.71,2827.81,,1633.47,,1676.57,2077.49,1888.72,1779.24
159,1391.04,3631.70,2847.81,,1644.01,,1686.87,2090.63,1900.71,1790.51
160,1399.61,3656.69,2867.81,,1654.55,,1697.17,2103.78,1912.70,1801.76
161,1408.17,3681.68,2887.81,,1665.09,,1707.46,2116.93,1924.69,1813.03
162,1416.74,3706.67,2907.80,,1675.63,,1717.76,2130.08,1936.68,1824.29
163,1425.31,3731.66,2927.80,,1686.18,,1728.06,2143.22,1948.66,1835.55
164,1433.87,3756.65,2947.80,,1696.72,,1738.35,2156.37,1960.65,1846.81
165,1442.44,3781.64,2967.80,,1707.26,,1748.65,2169.52,1972.64,1858.07
166,1451.01,3806.63,2987.80,,1717.80,,1758.95,2182.67,1984.63,1869.33
167,1459.57,3831.62,3007.80,,1728.34,,1769.24,2195.81,1996.62,1880.60
168,1468.14,3856.61,3027.80,,1738.89,,1779.54,2208.97,2008.61,1891.85
169,1476.71,3881.60,3047.80,,1749.43,,1789.84,2222.12,2020.60,1903.12
170,1485.27,3906.59,3067.80,,1759.97,,1800.13,2235.26,2032.59,1914.37
171,1493.84,3931.58,3087.80,,1770.51,,1810.43,2248.42,2044.58,1925.64
172,1502.41,3956.57,3107.80,,1781.05,,1820.72,2261.56,2056.57,1936.90
173,1510.97,3981.56,3127.80,,1791.60,,1831.02,2274.71,2068.56,1948.16
174,1519.54,4006.55,3147.79,,1802.14,,1841.32,2287.86,2080.55,1959.42
175,1528.11,4031.54,3167.79,,1812.68,,1851.61,2301.01,2092.54,1970.68
176,1536.67,4056.53,3187.79,,1823.22,,1861.91,2314.15,2104.53,1981.94
177,1545.24,4081.52,3207.79,,1833.76,,1872.21,2327.31,2116.52,1993.21
178,1553.81,4106.51,3227.79,,1844.31,,1882.50,2340.45,2128.51,2004.46
179,1562.37,4131.50,3247.79,,1854.85,,1892.80,2353.60,2140.50,2015.73
180,1570.94,4156.49,3267.79,,1865.39,,1903.10,2366.75,2152.49,2026.98
181,1579.51,4181.48,3287.79,,1875.93,,1913.39,2379.90,2164.48,2038.25
182,1588.07,4206.47,3307.79,,1886.47,,1923.69,2393.05,2176.47,2049.51
183,1596.64,4231.46,3327.79,,1897.02,,1933.99,2406.20,2188.46,2060.77
184,1605.21,4256.45,3347.79,,1907.56,,1944.28,2419.35,2200.45,2072.03
185,1613.77,4281.44,3367.79,,1918.10,,1954.58,2432.49,2212.44,2083.29
186,1622.34,4306.43,3387.79,,1928.64,,1964.87,2445.65,2224.43,2094.55
187,1630.91,4331.42,3407.78,,1939.18,,1975.17,2458.79,2236.42,2105.82
188,1639.47,4356.41,3427.78,,1949.73,,1985.47,2471.94,2248.41,2117.07
189,1648.04,4381.40,3447.78,,1960.27,,1995.76,2485.08,2260.40,2128.34
190,1656.61,4406.39,3467.78,,1970.81,,2006.06,2498.24,2272.39,2139.59
191,1665.17,4431.38,3487.78,,1981.35,,2016.36,2511.38,2284.38,2150.86
192,1673.74,4456.37,3507.78,,1991.89,,2026.65,2524.53,2296.36,2162.12
193,1682.31,4481.36,3527.78,,2002.44,,2036.95,2537.69,2308.35,2173.38
194,1690.87,4506.35,3547.78,,2012.98,,2047.25,2550.83,2320.34,2184.64
195,1699.44,4531.34,3567.78,,2023.52,,2057.54,2563.98,2332.33,2195.90
196,1708.01,4556.33,3587.78,,2034.06,,2067.84,2577.13,2344.32,2207.16
197,1716.57,4581.32,3607.78,,2044.61,,2078.13,2590.28,2356.31,2218.43
198,1725.14,4606.31,3627.78,,2055.15,,2088.43,2603.42,2368.30,2229.68
199,1733.71,4631.30,3647.77,,2065.69,,2098.73,2616.58,2380.29,2240.95
200,1742.27,4656.29,3667.77,,2076.23,,2109.02,2629.72,2392.28,2252.21
201,1750.84,4681.28,3687.77,,2086.77,,2119.32,2642.87,2404.27,2263.47
202,1759.41,4706.27,3707.77,,2097.32,,2129.62,2656.02,2416.26,2274.73
203,1767.97,4731.26,3727.77,,2107.86,,2139.91,2669.17,2428.25,2285.99
204,1776.54,4756.25,3747.77,,2118.40,,2150.21,2682.31,2440.24,2297.25
205,1785.11,4781.24,3767.77,,2128.94,,2160.51,2695.47,2452.23,2308.52
206,1793.67,4806.23,3787.77,,2139.48,,2170.80,2708.62,2464.22,2319.77
207,1802.24,4831.22,3807.77,,2150.03,,2181.10,2721.76,2476.21,2331.04
208,1810.81,4856.21,3827.77,,2160.57,,2191.40,2734.92,2488.20,2342.29
209,1819.37,4881.20,3847.77,,2171.11,,2201.69,2748.06,2500.19,2353.56
210,1827.94,4906.19,3867.77,,2181.65,,2211.99,2761.21,2512.18,2364.82
211,1836.51,4931.18,3887.76,,2192.19,,2222.28,2774.36,2524.17,2376.08
212,1845.07,4956.17,3907.76,,2202.74,,2232.58,2787.51,2536.16,2387.34
213,1853.64,4981.16,3927.76,,2213.28,,2242.88,2800.65,2548.15,2398.60
214,1862.21,5006.15,3947.76,,2223.82,,2253.17,2813.80,2560.14,2409.86
215,1870.77,5031.14,3967.76,,2234.36,,2263.47,2826.95,2572.13,2421.13
216,1879.34,5056.13,3987.76,,2244.90,,2273.77,2840.10,2584.12,2432.38
217,1887.91,5081.12,4007.76,,2255.45,,2284.06,2853.25,2596.11,2443.65
218,1896.47,5106.11,4027.76,,2265.99,,2294.36,2866.40,2608.10,2454.90
219,1905.04,5131.10,4047.76,,2276.53,,2304.66,2879.55,2620.09,2466.17
220,1913.61,5156.09,4067.76,,2287.07,,2314.95,2892.69,2632.07,2477.43
221,1922.17,5181.08,4087.76,,2297.61,,2325.25,2905.85,2644.06,2488.69
222,1930.74,5206.07,4107.76,,2308.16,,2335.55,2918.99,2656.05,2499.95
223,1939.31,5231.06,4127.76,,2318.70,,2345.84,2932.14,2668.04,2511.21
224,1947.87,5256.05,4147.75,,2329.24,,2356.14,2945.29,2680.03,2522.47
225,1956.44,5281.04,4167.75,,2339.78,,2366.43,2958.44,2692.02,2533.74
226,1965.01,5306.03,4187.75,,2350.32,,2376.73,2971.58,2704.01,2544.99
227,1973.57,5331.02,4207.75,,2360.87,,2387.03,2984.74,2716.00,2556.26
228,1982.14,5356.01,4227.75,,2371.41,,2397.32,2997.88,2727.99,2567.51
229,1990.71,5381.00,4247.75,,2381.95,,2407.62,3011.03,2739.98,2578.78
230,1999.27,5405.99,4267.75,,2392.49,,2417.92,3024.19,2751.97,2590.04
231,2007.84,5430.98,4287.75,,2403.03,,2428.21,3037.33,2763.96,2601.30
232,2016.41,5455.97,4307.75,,2413.58,,2438.51,3050.48,2775.95,2612.56
233,2024.97,5480.96,4327.75,,2424.12,,2448.81,3063.63,2787.94,2623.82
234,2033.54,5505.95,4347.75,,2434.66,,2459.10,3076.78,2799.93,2635.08
235,2042.11,5530.94,4367.75,,2445.20,,2469.40,3089.92,2811.92,2646.35
236,2050.67,5555.93,4387.74,,2455.74,,2479.69,3103.08,2823.91,2657.60
237,2059.24,5580.92,4407.74,,2466.29,,2489.99,3116.22,2835.90,2668.87
238,2067.81,5605.91,4427.74,,2476.83,,2500.29,3129.37,2847.89,2680.12
239,2076.37,5630.90,4447.74,,2487.37,,2510.58,3142.51,2859.88,2691.39
240,2084.94,5655.89,4467.74,,2497.91,,2520.88,3155.67,2871.87,2702.65
241,2093.51,5680.88,4487.74,,2508.46,,2531.18,3168.82,2883.86,2713.91
242,2102.07,5705.87,4507.74,,2519.00,,2541.47,3181.96,2895.85,2725.17
243,2110.64,5730.86,4527.74,,2529.54,,2551.77,3195.12,2907.84,2736.43
244,2119.21,5755.85,4547.74,,2540.08,,2562.07,3208.26,2919.83,2747.69
245,2127.77,5780.84,4567.74,,2550.62,,2572.36,3221.41,2931.82,2758.96
246,2136.34,5805.83,4587.74,,2561.17,,2582.66,3234.56,2943.81,2770.21
247,2144.91,5830.82,4607.74,,2571.71,,2592.96,3247.71,2955.80,2781.48
248,2153.47,5855.81,4627.73,,2582.25,,2603.25,3260.85,2967.79,2792.73
249,2162.04,5880.80,4647.73,,2592.79,,2613.55,3274.01,2979.77,2804.00
250,2170.61,5905.79,4667.73,,2603.33,,2623.84,3287.15,2991.76,2815.26
251,2179.17,5930.78,4687.73,,2613.88,,2634.14,3300.30,3003.75,2826.52
252,2187.74,5955.77,4707.73,,2624.42,,2644.44,3313.45,3015.74,2837.78
253,2196.31,5980.76,4727.73,,2634.96,,2654.73,3326.60,3027.73,2849.04
254,2204.87,6005.75,4747.73,,2645.50,,2665.03,3339.75,3039.72,2860.30
255,2213.44,6030.74,4767.73,,2656.04,,2675.33,3352.90,3051.71,2871.57
256,2222.01,6055.73,4787.73,,2666.59,,2685.62,3366.05,3063.70,2882.82
257,2230.57,6080.72,4807.73,,2677.13,,2695.92,3379.19,3075.69,2894.09
258,2239.14,6105.71,4827.73,,2687.67,,2706.22,3392.35,3087.68,2905.34
259,2247.71,6130.70,4847.73,,2698.21,,2716.51,3405.49,3099.67,2916.61
260,2256.28,6155.69,4867.73,,2708.75,,2726.81,3418.64,3111.66,2927.87
261,2264.84,6180.68,4887.72,,2719.30,,2737.11,3431.79,3123.65,2939.13
262,2273.41,6205.67,4907.72,,2729.84,,2747.40,3444.94,3135.64,2950.39
263,2281.98,6230.66,4927.72,,2740.38,,2757.70,3458.08,3147.63,2961.65
264,2290.54,6255.65,4947.72,,2750.92,,2767.99,3471.23,3159.62,2972.91
265,2299.11,6280.64,4967.72,,2761.46,,2778.29,3484.39,3171.61,2984.18
266,2307.68,6305.63,4987.72,,2772.01,,2788.59,3497.53,3183.60,2995.43
267,2316.24,6330.62,5007.72,,2782.55,,2798.88,3510.68,3195.59,3006.70
268,2324.81,6355.61,5027.72,,2793.09,,2809.18,3523.83,3207.58,3017.95
269,2333.38,6380.60,5047.72,,2803.63,,2819.48,3536.98,3219.57,3029.22
270,2341.94,6405.59,5067.72,,2814.17,,2829.77,3550.12,3231.56,3040.48
271,2350.51,6430.58,5087.72,,2824.72,,2840.07,3563.28,3243.55,3051.74
272,2359.08,6455.57,5107.72,,2835.26,,2850.37,3576.42,3255.54,3063.00
273,2367.64,6480.56,5127.71,,2845.80,,2860.66,3589.57,3267.53,3074.26
274,2376.21,6505.55,5147.71,,2856.34,,2870.96,3602.72,3279.52,3085.52
275,2384.78,6530.54,5167.71,,2866.88,,2881.25,3615.87,3291.51,3096.79
276,2393.34,6555.53,5187.71,,2877.43,,2891.55,3629.01,3303.50,3108.04
277,2401.91,6580.52,5207.71,,2887.97,,2901.85,3642.17,3315.48,3119.31
278,2410.48,6605.51,5227.71,,2898.51,,2912.14,3655.32,3327.47,3130.56
279,2419.04,6630.50,5247.71,,2909.05,,2922.44,3668.46,3339.46,3141.83
280,2427.61,6655.49,5267.71,,2919.60,,2932.74,3681.62,3351.45,3153.09
281,2436.18,6680.48,5287.71,,2930.14,,2943.03,3694.76,3363.44,3164.35
282,2444.74,6705.47,5307.71,,2940.68,,2953.33,3707.91,3375.43,3175.61
283,2453.31,6730.46,5327.71,,2951.22,,2963.63,3721.06,3387.42,3186.88
284,2461.88,6755.45,5347.71,,2961.76,,2973.92,3734.21,3399.41,3198.13
285,2470.44,6780.44,5367.70,,2972.31,,2984.22,3747.35,3411.40,3209.40
286,2479.01,6805.43,5387.70,,2982.85,,2994.52,3760.51,3423.39,3220.65
287,2487.58,6830.42,5407.70,,2993.39,,3004.81,3773.65,3435.38,3231.92
288,2496.14,6855.41,5427.70,,3003.93,,3015.11,3786.80,3447.37,3243.18
289,2504.71,6880.40,5447.70,,3014.47,,3025.40,3799.95,3459.36,3254.44
290,2513.28,6905.39,5467.70,,3025.02,,3035.70,3813.10,3471.35,3265.70
291,2521.84,6930.38,5487.70,,3035.56,,3046.00,3826.25,3483.34,3276.96
292,2530.41,6955.37,5507.70,,3046.10,,3056.29,3839.39,3495.33,3288.22
293,2538.98,6980.36,5527.70,,3056.64,,3066.59,3852.55,3507.32,3299.49
294,2547.54,7005.35,5547.70,,3067.18,,3076.89,3865.69,3519.31,3310.74
295,2556.11,7030.34,5567.70,,3077.73,,3087.18,3878.84,3531.30,3322.01
296,2564.68,7055.33,5587.70,,3088.27,,3097.48,3891.99,3543.29,3333.26
297,2573.24,7080.32,5607.70,,3098.81,,3107.78,3905.14,3555.28,3344.53
298,2581.81,7105.31,5627.69,,3109.35,,3118.07,3918.28,3567.27,3355.79
299,2590.38,7130.30,5647.69,,3119.89,,3128.37,3931.44,3579.26,3367.05
300,2598.94,7155.29,5667.69,,3130.44,,3138.67,3944.58,3591.25,3378.31
301,2607.51,7180.28,5687.69,,3140.98,,3148.96,3957.73,3603.24,3389.57
302,2616.08,7205.27,5707.69,,3151.52,,3159.26,3970.89,3615.23,3400.83
303,2624.64,7230.26,5727.69,,3162.06,,3169.55,3984.03,3627.22,3412.10
304,2633.21,7255.25,5747.69,,3172.60,,3179.85,3997.18,3639.21,3423.35
305,2641.78,7280.24,5767.69,,3183.15,,3190.15,4010.33,3651.20,3434.62
306,2650.34,7305.23,5787.69,,3193.69,,3200.44,4023.48,3663.18,3445.87
307,2658.91,7330.22,5807.69,,3204.23,,3210.74,4036.62,3675.17,3457.14
308,2667.48,7355.21,5827.69,,3214.77,,3221.04,4049.78,3687.16,3468.40
309,2676.04,7380.20,5847.69,,3225.31,,3231.33,4062.92,3699.15,3479.66
310,2684.61,7405.19,5867.68,,3235.86,,3241.63,4076.07,3711.14,3490.92
311,2693.18,7430.18,5887.68,,3246.40,,3251.93,4089.22,3723.13,3502.18
312,2701.74,7455.17,5907.68,,3256.94,,3262.22,4102.37,3735.12,3513.44
313,2710.31,7480.16,5927.68,,3267.48,,3272.52,4115.52,3747.11,3524.71
314,2718.88,7505.15,5947.68,,3278.02,,3282.81,4128.66,3759.10,3535.96
315,2727.44,7530.14,5967.68,,3288.57,,3293.11,4141.82,3771.09,3547.23
316,2736.01,7555.13,5987.68,,3299.11,,3303.41,4154.96,3783.08,3558.48
317,2744.58,7580.12,6007.68,,3309.65,,3313.70,4168.11,3795.07,3569.75
318,2753.14,7605.11,6027.68,,3320.19,,3324.00,4181.26,3807.06,3581.01
319,2761.71,7630.10,6047.68,,3330.74,,3334.30,4194.41,3819.05,3592.27
320,2770.28,7655.09,6067.68,,3341.28,,3344.59,4207.55,3831.04,3603.53
321,2778.84,7680.08,6087.68,,3351.82,,3354.89,4220.71,3843.03,3614.79
322,2787.41,7705.07,6107.67,,3362.36,,3365.19,4233.85,3855.02,3626.05
323,2795.98,7730.06,6127.67,,3372.90,,3375.48,4247.00,3867.01,3637.32
324,2804.54,7755.05,6147.67,,3383.45,,3385.78,4260.15,3879.00,3648.57
325,2813.11,7780.04,6167.67,,3393.99,,3396.08,4273.30,3890.99,3659.84
326,2821.68,7805.03,6187.67,,3404.53,,3406.37,4286.45,3902.98,3671.09
327,2830.24,7830.02,6207.67,,3415.07,,3416.67,4299.60,3914.97,3682.36
328,2838.81,7855.01,6227.67,,3425.61,,3426.96,4312.75,3926.96,3693.62
329,2847.38,7880.00,6247.67,,3436.16,,3437.26,4325.89,3938.95,3704.88
330,2855.94,7904.99,6267.67,,3446.70,,3447.56,4339.05,3950.94,3716.14
331,2864.51,7929.98,6287.67,,3457.24,,3457.85,4352.19,3962.93,3727.40
332,2873.08,7954.97,6307.67,,3467.78,,3468.15,4365.34,3974.92,3738.66
333,2881.64,7979.96,6327.67,,3478.32,,3478.45,4378.49,3986.91,3749.93
334,2890.21,8004.95,6347.67,,3488.87,,3488.74,4391.64,3998.90,3761.18
335,2898.78,8029.94,6367.66,,3499.41,,3499.04,4404.78,4010.88,3772.45
336,2907.34,8054.93,6387.66,,3509.95,,3509.34,4417.94,4022.87,3783.70
337,2915.91,8079.92,6407.66,,3520.49,,3519.63,4431.09,4034.86,3794.97
338,2924.48,8104.91,6427.66,,3531.03,,3529.93,4444.23,4046.85,3806.23
339,2933.04,8129.90,6447.66,,3541.58,,3540.23,4457.38,4058.84,3817.49
340,2941.61,8154.89,6467.66,,3552.12,,3550.52,4470.53,4070.83,3828.75
341,2950.18,8179.88,6487.66,,3562.66,,3560.82,4483.68,4082.82,3840.01
342,2958.74,8204.87,6507.66,,3573.20,,3571.11,4496.82,4094.81,3851.27
343,2967.31,8229.86,6527.66,,3583.74,,3581.41,4509.98,4106.80,3862.54
344,2975.88,8254.85,6547.66,,3594.29,,3591.71,4523.12,4118.79,3873.79
345,2984.44,8279.84,6567.66,,3604.83,,3602.00,4536.27,4130.78,3885.06
346,2993.01,8304.83,6587.66,,3615.37,,3612.30,4549.42,4142.77,3896.31
347,3001.58,8329.82,6607.65,,3625.91,,3622.60,4562.57,4154.76,3907.58
348,3010.14,8354.81,6627.65,,3636.45,,3632.89,4575.71,4166.75,3918.84
349,3018.71,8379.80,6647.65,,3647.00,,3643.19,4588.87,4178.74,3930.10
350,3027.28,8404.79,6667.65,,3657.54,,3653.49,4602.02,4190.73,3941.36
351,3035.84,8429.78,6687.65,,3668.08,,3663.78,4615.16,4202.72,3952.62
352,3044.41,8454.77,6707.65,,3678.62,,3674.08,4628.32,4214.71,3963.88
353,3052.98,8479.76,6727.65,,3689.16,,3684.37,4641.46,4226.70,3975.15
354,3061.54,8504.75,6747.65,,3699.71,,3694.67,4654.61,4238.69,3986.40
355,3070.11,8529.74,6767.65,,3710.25,,3704.97,4667.76,4250.68,3997.67
356,3078.68,8554.73,6787.65,,3720.79,,3715.26,4680.91,4262.67,4008.92
357,3087.24,8579.72,6807.65,,3731.33,,3725.56,4694.05,4274.66,4020.19
358,3095.81,8604.71,6827.65,,3741.88,,3735.86,4707.21,4286.65,4031.45
359,3104.38,8629.70,6847.64,,3752.42,,3746.15,4720.35,4298.64,4042.71
360,3112.94,8654.69,6867.64,,3762.96,,3756.45,4733.50,4310.63,4053.97
361,3121.51,8679.68,6887.64,,3773.50,,3766.75,4746.66,4322.62,4065.24
362,3130.08,8704.67,6907.64,,3784.04,,3777.04,4759.80,4334.61,4076.49
363,3138.64,8729.66,6927.64,,3794.59,,3787.34,4772.95,4346.59,4087.76
364,3147.21,8754.65,6947.64,,3805.13,,3797.64,4786.09,4358.58,4099.01
365,3155.78,8779.64,6967.64,,3815.67,,3807.93,4799.25,4370.57,4110.28
366,3164.34,8804.63,6987.64,,3826.21,,3818.23,4812.39,4382.56,4121.54
367,3172.91,8829.62,7007.64,,3836.75,,3828.52,4825.54,4394.55,4132.80
368,3181.48,8854.61,7027.64,,3847.30,,3838.82,4838.69,4406.54,4144.06
369,3190.04,8879.60,7047.64,,3857.84,,3849.12,4851.84,4418.53,4155.32
370,3198.61,8904.59,7067.64,,3868.38,,3859.41,4864.98,4430.52,4166.58
371,3207.18,8929.58,7087.64,,3878.92,,3869.71,4878.14,4442.51,4177.85
372,3215.74,8954.57,7107.63,,3889.46,,3880.01,4891.28,4454.50,4189.10
373,3224.31,8979.56,7127.63,,3900.01,,3890.30,4904.43,4466.49,4200.37
374,3232.88,9004.55,7147.63,,3910.55,,3900.60,4917.59,4478.48,4211.62
375,3241.44,9029.54,7167.63,,3921.09,,3910.90,4930.73,4490.47,4222.89
376,3250.01,9054.53,7187.63,,3931.63,,3921.19,4943.88,4502.46,4234.15
377,3258.58,9079.52,7207.63,,3942.17,,3931.49,4957.03,4514.45,4245.41
378,3267.15,9104.51,7227.63,,3952.72,,3941.79,4970.18,4526.44,4256.67
379,3275.71,9129.50,7247.63,,3963.26,,3952.08,4983.32,4538.43,4267.93
380,3284.28,9154.49,7267.63,,3973.80,,3962.38,4996.48,4550.42,4279.19
381,3292.85,9179.48,7287.63,,3984.34,,3972.67,5009.62,4562.41,4290.46
382,3301.41,9204.47,7307.63,,3994.88,,3982.97,5022.77,4574.40,4301.71
383,3309.98,9229.46,7327.63,,4005.43,,3993.27,5035.92,4586.39,4312.98
384,3318.55,9254.45,7347.62,,4015.97,,4003.56,5049.07,4598.38,4324.23
385,3327.11,9279.44,7367.62,,4026.51,,4013.86,5062.22,4610.37,4335.50
386,3335.68,9304.43,7387.62,,4037.05,,4024.16,5075.37,4622.36,4346.76
387,3344.25,9329.42,7407.62,,4047.59,,4034.45,5088.52,4634.35,4358.02
388,3352.81,9354.41,7427.62,,4058.14,,4044.75,5101.66,4646.34,4369.28
389,3361.38,9379.40,7447.62,,4068.68,,4055.05,5114.81,4658.33,4380.54
390,3369.95,9404.39,7467.62,,4079.22,,4065.34,5127.96,4670.32,4391.80
391,3378.51,9429.38,7487.62,,4089.76,,4075.64,5141.11,4682.31,4403.07
392,3387.08,9454.37,7507.62,,4100.30,,4085.93,5154.25,4694.29,4414.32
393,3395.65,9479.36,7527.62,,4110.85,,4096.23,5167.41,4706.28,4425.59
394,3404.21,9504.35,7547.62,,4121.39,,4106.53,5180.55,4718.27,4436.84
395,3412.78,9529.34,7567.62,,4131.93,,4116.82,5193.70,4730.26,4448.11
396,3421.35,9554.33,7587.61,,4142.47,,4127.12,5206.85,4742.25,4459.37
397,3429.91,9579.32,7607.61,,4153.02,,4137.42,5220.00,4754.24,4470.63
398,3438.48,9604.31,7627.61,,4163.56,,4147.71,5233.15,4766.23,4481.89
399,3447.05,9629.30,7647.61,,4174.10,,4158.01,5246.30,4778.22,4493.15
400,3455.61,9654.29,7667.61,,4184.64,,4168.31,5259.45,4790.21,4504.41
401,3464.18,9679.28,7687.61,,4195.18,,4178.60,5272.59,4802.20,4515.68
402,3472.75,9704.27,7707.61,,4205.73,,4188.90,5285.75,4814.19,4526.93
403,3481.31,9729.26,7727.61,,4216.27,,4199.20,5298.89,4826.18,4538.20
404,3489.88,9754.25,7747.61,,4226.81,,4209.49,5312.04,4838.17,4549.45
405,3498.45,9779.24,7767.61,,4237.35,,4219.79,5325.19,4850.16,4560.72
406,3507.01,9804.23,7787.61,,4247.89,,4230.08,5338.34,4862.15,4571.98
407,3515.58,9829.22,7807.61,,4258.44,,4240.38,5351.48,4874.14,4583.24
408,3524.15,9854.21,7827.61,,4268.98,,4250.68,5364.64,4886.13,4594.50
409,3532.71,9879.20,7847.60,,4279.52,,4260.97,5377.79,4898.12,4605.76
410,3541.28,9904.19,7867.60,,4290.06,,4271.27,5390.93,4910.11,4617.02
411,3549.85,9929.18,7887.60,,4300.60,,4281.57,5404.09,4922.10,4628.29
412,3558.41,9954.17,7907.60,,4311.15,,4291.86,5417.23,4934.09,4639.54
413,3566.98,9979.16,7927.60,,4321.69,,4302.16,5430.38,4946.08,4650.81
414,3575.55,10004.15,7947.60,,4332.23,,4312.46,5443.52,4958.07,4662.06
415,3584.11,10029.14,7967.60,,4342.77,,4322.75,5456.68,4970.06,4673.33
416,3592.68,10054.13,7987.60,,4353.31,,4333.05,5469.82,4982.05,4684.59
417,3601.25,10079.12,8007.60,,4363.86,,4343.35,5482.97,4994.04,4695.85
418,3609.81,10104.11,8027.60,,4374.40,,4353.64,5496.12,5006.03,4707.11
419,3618.38,10129.10,8047.60,,4384.94,,4363.94,5509.27,5018.02,4718.37
420,3626.95,10154.09,8067.60,,4395.48,,4374.23,5522.41,5030.00,4729.63
421,3635.51,10179.08,8087.59,,4406.02,,4384.53,5535.57,5041.99,4740.90
422,3644.08,10204.07,8107.59,,4416.57,,4394.83,5548.72,5053.98,4752.15
423,3652.65,10229.06,8127.59,,4427.11,,4405.12,5561.86,5065.97,4763.42
424,3661.21,10254.05,8147.59,,4437.65,,4415.42,5575.02,5077.96,4774.67
425,3669.78,10279.04,8167.59,,4448.19,,4425.72,5588.16,5089.95,4785.94
426,3678.35,10304.03,8187.59,,4458.73,,4436.01,5601.31,5101.94,4797.20
427,3686.91,10329.02,8207.59,,4469.28,,4446.31,5614.46,5113.93,4808.46
428,3695.48,10354.01,8227.59,,4479.82,,4456.61,5627.61,5125.92,4819.72
429,3704.05,10379.00,8247.59,,4490.36,,4466.90,5640.75,5137.91,4830.98
430,3712.61,10403.99,8267.59,,4500.90,,4477.20,5653.91,5149.90,4842.24
431,3721.18,10428.98,8287.59,,4511.44,,4487.49,5667.05,5161.89,4853.51
432,3729.75,10453.97,8307.59,,4521.99,,4497.79,5680.20,5173.88,4864.76
433,3738.31,10478.96,8327.58,,4532.53,,4508.09,5693.36,5185.87,4876.03
434,3746.88,10503.95,8347.58,,4543.07,,4518.38,5706.50,5197.86,4887.28
435,3755.45,10528.94,8367.58,,4553.61,,4528.68,5719.65,5209.85,4898.55
436,3764.01,10553.93,8387.58,,4564.15,,4538.98,5732.80,5221.84,4909.81
437,3772.58,10578.92,8407.58,,4574.70,,4549.27,5745.95,5233.83,4921.07
438,3781.15,10603.91,8427.58,,4585.24,,4559.57,5759.09,5245.82,4932.33
439,3789.71,10628.90,8447.58,,4595.78,,4569.87,5772.24,5257.81,4943.60
440,3798.28,10653.89,8467.58,,4606.32,,4580.16,5785.39,5269.80,4954.85
441,3806.85,10678.88,8487.58,,4616.87,,4590.46,5798.54,5281.79,4966.12
442,3815.41,10703.87,8507.58,,4627.41,,4600.76,5811.68,5293.78,4977.37
443,3823.98,10728.86,8527.58,,4637.95,,4611.05,5824.84,5305.77,4988.64
444,3832.55,10753.85,8547.58,,4648.49,,4621.35,5837.98,5317.76,4999.90
445,3841.11,10778.84,8567.58,,4659.03,,4631.64,5851.13,5329.75,5011.16
446,3849.68,10803.83,8587.57,,4669.58,,4641.94,5864.29,5341.74,5022.42
447,3858.25,10828.82,8607.57,,4680.12,,4652.24,5877.43,5353.73,5033.68
448,3866.81,10853.81,8627.57,,4690.66,,4662.53,5890.58,5365.72,5044.94
449,3875.38,10878.80,8647.57,,4701.20,,4672.83,5903.73,5377.70,5056.21
450,3883.95,10903.79,8667.57,,4711.74,,4683.13,5916.88,5389.69,5067.46
451,3892.51,10928.78,8687.57,,4722.29,,4693.42,5930.02,5401.68,5078.73
452,3901.08,10953.77,8707.57,,4732.83,,4703.72,5943.18,5413.67,5089.98
453,3909.65,10978.76,8727.57,,4743.37,,4714.02,5956.32,5425.66,5101.25
454,3918.21,11003.75,8747.57,,4753.91,,4724.31,5969.47,5437.65,5112.51
455,3926.78,11028.74,8767.57,,4764.45,,4734.61,5982.62,5449.64,5123.77
456,3935.35,11053.73,8787.57,,4775.00,,4744.91,5995.77,5461.63,5135.03
457,3943.91,11078.72,8807.57,,4785.54,,4755.20,6008.92,5473.62,5146.29
458,3952.48,11103.71,8827.56,,4796.08,,4765.50,6022.07,5485.61,5157.55
459,3961.05,11128.70,8847.56,,4806.62,,4775.79,6035.22,5497.60,5168.82
460,3969.61,11153.69,8867.56,,4817.16,,4786.09,6048.36,5509.59,5180.07
461,3978.18,11178.68,8887.56,,4827.71,,4796.39,6061.52,5521.58,5191.34
462,3986.75,11203.67,8907.56,,4838.25,,4806.68,6074.66,5533.57,5202.59
463,3995.31,11228.66,8927.56,,4848.79,,4816.98,6087.81,5545.56,5213.86
464,4003.88,11253.65,8947.56,,4859.33,,4827.28,6100.95,5557.55,5225.12
465,4012.45,11278.64,8967.56,,4869.87,,4837.57,6114.11,5569.54,5236.38
466,4021.01,11303.63,8987.56,,4880.42,,4847.87,6127.25,5581.53,5247.64
467,4029.58,11328.62,9007.56,,4890.96,,4858.17,6140.40,5593.52,5258.90
468,4038.15,11353.61,9027.56,,4901.50,,4868.46,6153.55,5605.51,5270.16
469,4046.71,11378.60,9047.56,,4912.04,,4878.76,6166.70,5617.50,5281.43
470,4055.28,11403.59,9067.55,,4922.58,,4889.05,6179.85,5629.49,5292.68
471,4063.85,11428.58,9087.55,,4933.13,,4899.35,6193.00,5641.48,5303.95
472,4072.41,11453.57,9107.55,,4943.67,,4909.65,6206.15,5653.47,5315.20
473,4080.98,11478.56,9127.55,,4954.21,,4919.94,6219.29,5665.46,5326.47
474,4089.55,11503.55,9147.55,,4964.75,,4930.24,6232.45,5677.45,5337.73
475,4098.11,11528.54,9167.55,,4975.29,,4940.54,6245.59,5689.44,5348.99
476,4106.68,11553.53,9187.55,,4985.84,,4950.83,6258.74,5701.43,5360.25
477,4115.25,11578.52,9207.55,,4996.38,,4961.13,6271.89,5713.41,5371.51
478,4123.81,11603.51,9227.55,,5006.92,,4971.43,6285.04,5725.40,5382.77
479,4132.38,11628.50,9247.55,,5017.46,,4981.72,6298.18,5737.39,5394.04
480,4140.95,11653.49,9267.55,,5028.01,,4992.02,6311.34,5749.38,5405.29
481,4149.51,11678.48,9287.55,,5038.55,,5002.32,6324.49,5761.37,5416.56
482,4158.08,11703.47,9307.55,,5049.09,,5012.61,6337.63,5773.36,5427.81
483,4166.65,11728.46,9327.54,,5059.63,,5022.91,6350.79,5785.35,5439.08
484,4175.21,11753.45,9347.54,,5070.17,,5033.20,6363.93,5797.34,5450.34
485,4183.78,11778.44,9367.54,,5080.72,,5043.50,6377.08,5809.33,5461.60
486,4192.35,11803.43,9387.54,,5091.26,,5053.80,6390.23,5821.32,5472.86
487,4200.91,11828.42,9407.54,,5101.80,,5064.09,6403.38,5833.31,5484.12
488,4209.48,11853.41,9427.54,,5112.34,,5074.39,6416.52,5845.30,5495.38
489,4218.05,11878.40,9447.54,,5122.88,,5084.69,6429.67,5857.29,5506.65
490,4226.61,11903.39,9467.54,,5133.43,,5094.98,6442.82,5869.28,5517.90
491,4235.18,11928.38,9487.54,,5143.97,,5105.28,6455.97,5881.27,5529.17
492,4243.75,11953.37,9507.54,,5154.51,,5115.58,6469.11,5893.26,5540.42
493,4252.31,11978.36,9527.54,,5165.05,,5125.87,6482.27,5905.25,5551.69
494,4260.88,12003.35,9547.54,,5175.59,,5136.17,6495.42,5917.24,5562.95
495,4269.45,12028.34,9567.53,,5186.14,,5146.47,6508.56,5929.23,5574.21
496,4278.02,12053.33,9587.53,,5196.68,,5156.76,6521.72,5941.22,5585.47
497,4286.58,12078.32,9607.53,,5207.22,,5167.06,6534.86,5953.21,5596.73
498,4295.15,12103.31,9627.53,,5217.76,,5177.35,6548.01,5965.20,5607.99
499,4303.72,12128.30,9647.53,,5228.30,,5187.65,6561.16,5977.19,5619.26
500,4312.28,12153.29,9667.53,,5238.85,,5197.95,6574.31,5989.18,5630.51
